--------------------------------------------------------
--  파일이 생성됨 - 월요일-6월-07-2021   
--------------------------------------------------------
DROP SEQUENCE "XE"."SEQ_BNO";
DROP SEQUENCE "XE"."SEQ_RNO";
DROP TABLE "XE"."TBL_ATTACH" cascade constraints;
DROP TABLE "XE"."TBL_BOARD" cascade constraints;
DROP TABLE "XE"."TBL_BOARD_TYPE" cascade constraints;
DROP TABLE "XE"."TBL_MEMBER" cascade constraints;
DROP TABLE "XE"."TBL_REPLY" cascade constraints;
DROP PROCEDURE "XE"."PROC_DUMMY_BOARD";
DROP PROCEDURE "XE"."PROC_DUMMY_MEMBER";
DROP FUNCTION "XE"."CUSTOM_AUTH";
DROP FUNCTION "XE"."CUSTOM_HASH";
--------------------------------------------------------
--  DDL for Sequence SEQ_BNO
--------------------------------------------------------

   CREATE SEQUENCE  "XE"."SEQ_BNO"  MINVALUE 1 MAXVALUE 9999999999999999999999999999 INCREMENT BY 1 START WITH 1 CACHE 20 NOORDER  NOCYCLE ;
--------------------------------------------------------
--  DDL for Sequence SEQ_RNO
--------------------------------------------------------

   CREATE SEQUENCE  "XE"."SEQ_RNO"  MINVALUE 1 MAXVALUE 9999999999999999999999999999 INCREMENT BY 1 START WITH 1 CACHE 20 NOORDER  NOCYCLE ;
--------------------------------------------------------
--  DDL for Table TBL_ATTACH
--------------------------------------------------------

  CREATE TABLE "XE"."TBL_ATTACH" 
   (	"SAVE_FILE_NAME" VARCHAR2(255 BYTE), 
	"REAL_FILE_NAME" VARCHAR2(255 BYTE), 
	"REG_DATE" DATE, 
	"BNO" NUMBER(11,0)
   ) SEGMENT CREATION IMMEDIATE 
  PCTFREE 10 PCTUSED 40 INITRANS 1 MAXTRANS 255 NOCOMPRESS LOGGING
  STORAGE(INITIAL 65536 NEXT 1048576 MINEXTENTS 1 MAXEXTENTS 2147483645
  PCTINCREASE 0 FREELISTS 1 FREELIST GROUPS 1 BUFFER_POOL DEFAULT FLASH_CACHE DEFAULT CELL_FLASH_CACHE DEFAULT)
  TABLESPACE "USERS" ;

   COMMENT ON COLUMN "XE"."TBL_ATTACH"."SAVE_FILE_NAME" IS '물리적으로 저장되는 파일명(해시데이터)';
   COMMENT ON COLUMN "XE"."TBL_ATTACH"."REAL_FILE_NAME" IS '한글파일명UI에서 보이게 처리';
   COMMENT ON COLUMN "XE"."TBL_ATTACH"."REG_DATE" IS '등록일자';
   COMMENT ON COLUMN "XE"."TBL_ATTACH"."BNO" IS '게시물관리 고유값 외래키';
   COMMENT ON TABLE "XE"."TBL_ATTACH"  IS '첨부파일관리테이블';
--------------------------------------------------------
--  DDL for Table TBL_BOARD
--------------------------------------------------------

  CREATE TABLE "XE"."TBL_BOARD" 
   (	"BNO" NUMBER(11,0), 
	"TITLE" VARCHAR2(255 BYTE), 
	"CONTENT" CLOB, 
	"WRITER" VARCHAR2(50 BYTE), 
	"VIEW_COUNT" NUMBER(11,0), 
	"REPLY_CONUT" NUMBER(11,0), 
	"REG_DATE" TIMESTAMP (6), 
	"UPDATE_DATE" TIMESTAMP (6), 
	"BOARD_TYPE" VARCHAR2(20 BYTE)
   ) SEGMENT CREATION IMMEDIATE 
  PCTFREE 10 PCTUSED 40 INITRANS 1 MAXTRANS 255 NOCOMPRESS LOGGING
  STORAGE(INITIAL 65536 NEXT 1048576 MINEXTENTS 1 MAXEXTENTS 2147483645
  PCTINCREASE 0 FREELISTS 1 FREELIST GROUPS 1 BUFFER_POOL DEFAULT FLASH_CACHE DEFAULT CELL_FLASH_CACHE DEFAULT)
  TABLESPACE "USERS" 
 LOB ("CONTENT") STORE AS BASICFILE (
  TABLESPACE "USERS" ENABLE STORAGE IN ROW CHUNK 8192 RETENTION 
  NOCACHE LOGGING 
  STORAGE(INITIAL 65536 NEXT 1048576 MINEXTENTS 1 MAXEXTENTS 2147483645
  PCTINCREASE 0 FREELISTS 1 FREELIST GROUPS 1 BUFFER_POOL DEFAULT FLASH_CACHE DEFAULT CELL_FLASH_CACHE DEFAULT)) ;

   COMMENT ON COLUMN "XE"."TBL_BOARD"."BNO" IS '게시판 고유번호(자동증가처리)';
   COMMENT ON COLUMN "XE"."TBL_BOARD"."TITLE" IS '게시물제목';
   COMMENT ON COLUMN "XE"."TBL_BOARD"."CONTENT" IS '글내용';
   COMMENT ON COLUMN "XE"."TBL_BOARD"."WRITER" IS '글 작성자 ID';
   COMMENT ON COLUMN "XE"."TBL_BOARD"."VIEW_COUNT" IS '글 조회수 카운터';
   COMMENT ON COLUMN "XE"."TBL_BOARD"."REPLY_CONUT" IS '댓글카운트';
   COMMENT ON COLUMN "XE"."TBL_BOARD"."REG_DATE" IS '등록일시';
   COMMENT ON COLUMN "XE"."TBL_BOARD"."UPDATE_DATE" IS '수정일시';
   COMMENT ON TABLE "XE"."TBL_BOARD"  IS '게시물관리 테이블';
--------------------------------------------------------
--  DDL for Table TBL_BOARD_TYPE
--------------------------------------------------------

  CREATE TABLE "XE"."TBL_BOARD_TYPE" 
   (	"BOARD_TYPE" VARCHAR2(20 BYTE), 
	"BOARD_NAME" VARCHAR2(50 BYTE), 
	"BOARD_SUN" NUMBER(11,0)
   ) SEGMENT CREATION IMMEDIATE 
  PCTFREE 10 PCTUSED 40 INITRANS 1 MAXTRANS 255 NOCOMPRESS LOGGING
  STORAGE(INITIAL 65536 NEXT 1048576 MINEXTENTS 1 MAXEXTENTS 2147483645
  PCTINCREASE 0 FREELISTS 1 FREELIST GROUPS 1 BUFFER_POOL DEFAULT FLASH_CACHE DEFAULT CELL_FLASH_CACHE DEFAULT)
  TABLESPACE "USERS" ;

   COMMENT ON COLUMN "XE"."TBL_BOARD_TYPE"."BOARD_TYPE" IS '게시판 타입(NOTICE, GALLERY)';
   COMMENT ON COLUMN "XE"."TBL_BOARD_TYPE"."BOARD_NAME" IS '한글 게시판 이름';
   COMMENT ON COLUMN "XE"."TBL_BOARD_TYPE"."BOARD_SUN" IS '게시판 출력순서';
   COMMENT ON TABLE "XE"."TBL_BOARD_TYPE"  IS '게시판생성관리(NOTICE, GALLERY)';
--------------------------------------------------------
--  DDL for Table TBL_MEMBER
--------------------------------------------------------

  CREATE TABLE "XE"."TBL_MEMBER" 
   (	"USER_ID" VARCHAR2(50 BYTE), 
	"USER_PW" VARCHAR2(255 BYTE), 
	"USER_NAME" VARCHAR2(255 BYTE), 
	"EMAIL" VARCHAR2(255 BYTE), 
	"POINT" NUMBER(11,0), 
	"ENABLED" NUMBER(1,0), 
	"LEVELS" VARCHAR2(50 BYTE), 
	"REG_DATE" TIMESTAMP (6), 
	"UPDATE_DATE" TIMESTAMP (6)
   ) SEGMENT CREATION IMMEDIATE 
  PCTFREE 10 PCTUSED 40 INITRANS 1 MAXTRANS 255 NOCOMPRESS LOGGING
  STORAGE(INITIAL 65536 NEXT 1048576 MINEXTENTS 1 MAXEXTENTS 2147483645
  PCTINCREASE 0 FREELISTS 1 FREELIST GROUPS 1 BUFFER_POOL DEFAULT FLASH_CACHE DEFAULT CELL_FLASH_CACHE DEFAULT)
  TABLESPACE "USERS" ;

   COMMENT ON COLUMN "XE"."TBL_MEMBER"."USER_ID" IS '회원고유ID';
   COMMENT ON COLUMN "XE"."TBL_MEMBER"."USER_PW" IS '회원 로그인 암호(Spring security)';
   COMMENT ON COLUMN "XE"."TBL_MEMBER"."USER_NAME" IS '회원이름';
   COMMENT ON COLUMN "XE"."TBL_MEMBER"."EMAIL" IS '회원이메일';
   COMMENT ON COLUMN "XE"."TBL_MEMBER"."POINT" IS '회원포인트';
   COMMENT ON COLUMN "XE"."TBL_MEMBER"."ENABLED" IS '로그인 승인여부';
   COMMENT ON COLUMN "XE"."TBL_MEMBER"."LEVELS" IS '회원권한(ROLE_ADMIN, ROLE_USER)';
   COMMENT ON COLUMN "XE"."TBL_MEMBER"."REG_DATE" IS '등록일시';
   COMMENT ON COLUMN "XE"."TBL_MEMBER"."UPDATE_DATE" IS '수정일시';
   COMMENT ON TABLE "XE"."TBL_MEMBER"  IS '회원관리테이블';
--------------------------------------------------------
--  DDL for Table TBL_REPLY
--------------------------------------------------------

  CREATE TABLE "XE"."TBL_REPLY" 
   (	"RNO" NUMBER(11,0), 
	"REPLY_TEXT" VARCHAR2(255 BYTE), 
	"REPLYER" VARCHAR2(50 BYTE), 
	"REG_DATE" DATE, 
	"UPDATE_DATE" DATE, 
	"BNO" NUMBER(11,0)
   ) SEGMENT CREATION IMMEDIATE 
  PCTFREE 10 PCTUSED 40 INITRANS 1 MAXTRANS 255 NOCOMPRESS LOGGING
  STORAGE(INITIAL 65536 NEXT 1048576 MINEXTENTS 1 MAXEXTENTS 2147483645
  PCTINCREASE 0 FREELISTS 1 FREELIST GROUPS 1 BUFFER_POOL DEFAULT FLASH_CACHE DEFAULT CELL_FLASH_CACHE DEFAULT)
  TABLESPACE "USERS" ;

   COMMENT ON COLUMN "XE"."TBL_REPLY"."RNO" IS '댓글고유번호(자동증가AI)';
   COMMENT ON COLUMN "XE"."TBL_REPLY"."REPLY_TEXT" IS '댓글내용';
   COMMENT ON COLUMN "XE"."TBL_REPLY"."REPLYER" IS '댓글작성자ID';
   COMMENT ON COLUMN "XE"."TBL_REPLY"."REG_DATE" IS '등록일';
   COMMENT ON COLUMN "XE"."TBL_REPLY"."UPDATE_DATE" IS '수정일';
   COMMENT ON COLUMN "XE"."TBL_REPLY"."BNO" IS '게시물관리 고유값 외래키';
   COMMENT ON TABLE "XE"."TBL_REPLY"  IS '댓글관리테이블';
REM INSERTING into XE.TBL_ATTACH
SET DEFINE OFF;
REM INSERTING into XE.TBL_BOARD
SET DEFINE OFF;
Insert into XE.TBL_BOARD (BNO,TITLE,WRITER,VIEW_COUNT,REPLY_CONUT,REG_DATE,UPDATE_DATE,BOARD_TYPE) values (55,'갤러리 게시물 제목','admin',0,0,to_timestamp('21/06/07 15:28:49.000000000','RR/MM/DD HH24:MI:SSXFF'),to_timestamp('21/06/07 15:28:49.000000000','RR/MM/DD HH24:MI:SSXFF'),'gallery');
Insert into XE.TBL_BOARD (BNO,TITLE,WRITER,VIEW_COUNT,REPLY_CONUT,REG_DATE,UPDATE_DATE,BOARD_TYPE) values (56,'갤러리 게시물 제목','admin',0,0,to_timestamp('21/06/07 15:28:50.000000000','RR/MM/DD HH24:MI:SSXFF'),to_timestamp('21/06/07 15:28:50.000000000','RR/MM/DD HH24:MI:SSXFF'),'gallery');
Insert into XE.TBL_BOARD (BNO,TITLE,WRITER,VIEW_COUNT,REPLY_CONUT,REG_DATE,UPDATE_DATE,BOARD_TYPE) values (57,'갤러리 게시물 제목','admin',0,0,to_timestamp('21/06/07 15:28:51.000000000','RR/MM/DD HH24:MI:SSXFF'),to_timestamp('21/06/07 15:28:51.000000000','RR/MM/DD HH24:MI:SSXFF'),'gallery');
Insert into XE.TBL_BOARD (BNO,TITLE,WRITER,VIEW_COUNT,REPLY_CONUT,REG_DATE,UPDATE_DATE,BOARD_TYPE) values (58,'갤러리 게시물 제목','admin',0,0,to_timestamp('21/06/07 15:28:52.000000000','RR/MM/DD HH24:MI:SSXFF'),to_timestamp('21/06/07 15:28:52.000000000','RR/MM/DD HH24:MI:SSXFF'),'gallery');
Insert into XE.TBL_BOARD (BNO,TITLE,WRITER,VIEW_COUNT,REPLY_CONUT,REG_DATE,UPDATE_DATE,BOARD_TYPE) values (59,'갤러리 게시물 제목','admin',0,0,to_timestamp('21/06/07 15:28:53.000000000','RR/MM/DD HH24:MI:SSXFF'),to_timestamp('21/06/07 15:28:53.000000000','RR/MM/DD HH24:MI:SSXFF'),'gallery');
Insert into XE.TBL_BOARD (BNO,TITLE,WRITER,VIEW_COUNT,REPLY_CONUT,REG_DATE,UPDATE_DATE,BOARD_TYPE) values (60,'갤러리 게시물 제목','admin',0,0,to_timestamp('21/06/07 15:28:54.000000000','RR/MM/DD HH24:MI:SSXFF'),to_timestamp('21/06/07 15:28:54.000000000','RR/MM/DD HH24:MI:SSXFF'),'gallery');
Insert into XE.TBL_BOARD (BNO,TITLE,WRITER,VIEW_COUNT,REPLY_CONUT,REG_DATE,UPDATE_DATE,BOARD_TYPE) values (61,'갤러리 게시물 제목','admin',0,0,to_timestamp('21/06/07 15:28:55.000000000','RR/MM/DD HH24:MI:SSXFF'),to_timestamp('21/06/07 15:28:55.000000000','RR/MM/DD HH24:MI:SSXFF'),'gallery');
Insert into XE.TBL_BOARD (BNO,TITLE,WRITER,VIEW_COUNT,REPLY_CONUT,REG_DATE,UPDATE_DATE,BOARD_TYPE) values (62,'갤러리 게시물 제목','admin',0,0,to_timestamp('21/06/07 15:28:56.000000000','RR/MM/DD HH24:MI:SSXFF'),to_timestamp('21/06/07 15:28:56.000000000','RR/MM/DD HH24:MI:SSXFF'),'gallery');
Insert into XE.TBL_BOARD (BNO,TITLE,WRITER,VIEW_COUNT,REPLY_CONUT,REG_DATE,UPDATE_DATE,BOARD_TYPE) values (63,'갤러리 게시물 제목','admin',0,0,to_timestamp('21/06/07 15:28:57.000000000','RR/MM/DD HH24:MI:SSXFF'),to_timestamp('21/06/07 15:28:57.000000000','RR/MM/DD HH24:MI:SSXFF'),'gallery');
Insert into XE.TBL_BOARD (BNO,TITLE,WRITER,VIEW_COUNT,REPLY_CONUT,REG_DATE,UPDATE_DATE,BOARD_TYPE) values (64,'갤러리 게시물 제목','admin',0,0,to_timestamp('21/06/07 15:28:58.000000000','RR/MM/DD HH24:MI:SSXFF'),to_timestamp('21/06/07 15:28:58.000000000','RR/MM/DD HH24:MI:SSXFF'),'gallery');
Insert into XE.TBL_BOARD (BNO,TITLE,WRITER,VIEW_COUNT,REPLY_CONUT,REG_DATE,UPDATE_DATE,BOARD_TYPE) values (65,'갤러리 게시물 제목','admin',0,0,to_timestamp('21/06/07 15:28:59.000000000','RR/MM/DD HH24:MI:SSXFF'),to_timestamp('21/06/07 15:28:59.000000000','RR/MM/DD HH24:MI:SSXFF'),'gallery');
Insert into XE.TBL_BOARD (BNO,TITLE,WRITER,VIEW_COUNT,REPLY_CONUT,REG_DATE,UPDATE_DATE,BOARD_TYPE) values (66,'갤러리 게시물 제목','admin',0,0,to_timestamp('21/06/07 15:29:00.000000000','RR/MM/DD HH24:MI:SSXFF'),to_timestamp('21/06/07 15:29:00.000000000','RR/MM/DD HH24:MI:SSXFF'),'gallery');
Insert into XE.TBL_BOARD (BNO,TITLE,WRITER,VIEW_COUNT,REPLY_CONUT,REG_DATE,UPDATE_DATE,BOARD_TYPE) values (67,'갤러리 게시물 제목','admin',0,0,to_timestamp('21/06/07 15:29:01.000000000','RR/MM/DD HH24:MI:SSXFF'),to_timestamp('21/06/07 15:29:01.000000000','RR/MM/DD HH24:MI:SSXFF'),'gallery');
Insert into XE.TBL_BOARD (BNO,TITLE,WRITER,VIEW_COUNT,REPLY_CONUT,REG_DATE,UPDATE_DATE,BOARD_TYPE) values (68,'갤러리 게시물 제목','admin',0,0,to_timestamp('21/06/07 15:29:02.000000000','RR/MM/DD HH24:MI:SSXFF'),to_timestamp('21/06/07 15:29:02.000000000','RR/MM/DD HH24:MI:SSXFF'),'gallery');
Insert into XE.TBL_BOARD (BNO,TITLE,WRITER,VIEW_COUNT,REPLY_CONUT,REG_DATE,UPDATE_DATE,BOARD_TYPE) values (69,'갤러리 게시물 제목','admin',0,0,to_timestamp('21/06/07 15:29:03.000000000','RR/MM/DD HH24:MI:SSXFF'),to_timestamp('21/06/07 15:29:03.000000000','RR/MM/DD HH24:MI:SSXFF'),'gallery');
Insert into XE.TBL_BOARD (BNO,TITLE,WRITER,VIEW_COUNT,REPLY_CONUT,REG_DATE,UPDATE_DATE,BOARD_TYPE) values (70,'갤러리 게시물 제목','admin',0,0,to_timestamp('21/06/07 15:29:04.000000000','RR/MM/DD HH24:MI:SSXFF'),to_timestamp('21/06/07 15:29:04.000000000','RR/MM/DD HH24:MI:SSXFF'),'gallery');
Insert into XE.TBL_BOARD (BNO,TITLE,WRITER,VIEW_COUNT,REPLY_CONUT,REG_DATE,UPDATE_DATE,BOARD_TYPE) values (71,'갤러리 게시물 제목','admin',0,0,to_timestamp('21/06/07 15:29:05.000000000','RR/MM/DD HH24:MI:SSXFF'),to_timestamp('21/06/07 15:29:05.000000000','RR/MM/DD HH24:MI:SSXFF'),'gallery');
Insert into XE.TBL_BOARD (BNO,TITLE,WRITER,VIEW_COUNT,REPLY_CONUT,REG_DATE,UPDATE_DATE,BOARD_TYPE) values (72,'갤러리 게시물 제목','admin',0,0,to_timestamp('21/06/07 15:29:06.000000000','RR/MM/DD HH24:MI:SSXFF'),to_timestamp('21/06/07 15:29:06.000000000','RR/MM/DD HH24:MI:SSXFF'),'gallery');
Insert into XE.TBL_BOARD (BNO,TITLE,WRITER,VIEW_COUNT,REPLY_CONUT,REG_DATE,UPDATE_DATE,BOARD_TYPE) values (73,'갤러리 게시물 제목','admin',0,0,to_timestamp('21/06/07 15:29:07.000000000','RR/MM/DD HH24:MI:SSXFF'),to_timestamp('21/06/07 15:29:07.000000000','RR/MM/DD HH24:MI:SSXFF'),'gallery');
Insert into XE.TBL_BOARD (BNO,TITLE,WRITER,VIEW_COUNT,REPLY_CONUT,REG_DATE,UPDATE_DATE,BOARD_TYPE) values (74,'갤러리 게시물 제목','admin',0,0,to_timestamp('21/06/07 15:29:08.000000000','RR/MM/DD HH24:MI:SSXFF'),to_timestamp('21/06/07 15:29:08.000000000','RR/MM/DD HH24:MI:SSXFF'),'gallery');
Insert into XE.TBL_BOARD (BNO,TITLE,WRITER,VIEW_COUNT,REPLY_CONUT,REG_DATE,UPDATE_DATE,BOARD_TYPE) values (75,'갤러리 게시물 제목','admin',0,0,to_timestamp('21/06/07 15:29:09.000000000','RR/MM/DD HH24:MI:SSXFF'),to_timestamp('21/06/07 15:29:09.000000000','RR/MM/DD HH24:MI:SSXFF'),'gallery');
Insert into XE.TBL_BOARD (BNO,TITLE,WRITER,VIEW_COUNT,REPLY_CONUT,REG_DATE,UPDATE_DATE,BOARD_TYPE) values (76,'갤러리 게시물 제목','admin',0,0,to_timestamp('21/06/07 15:29:10.000000000','RR/MM/DD HH24:MI:SSXFF'),to_timestamp('21/06/07 15:29:10.000000000','RR/MM/DD HH24:MI:SSXFF'),'gallery');
Insert into XE.TBL_BOARD (BNO,TITLE,WRITER,VIEW_COUNT,REPLY_CONUT,REG_DATE,UPDATE_DATE,BOARD_TYPE) values (77,'갤러리 게시물 제목','admin',0,0,to_timestamp('21/06/07 15:29:11.000000000','RR/MM/DD HH24:MI:SSXFF'),to_timestamp('21/06/07 15:29:11.000000000','RR/MM/DD HH24:MI:SSXFF'),'gallery');
Insert into XE.TBL_BOARD (BNO,TITLE,WRITER,VIEW_COUNT,REPLY_CONUT,REG_DATE,UPDATE_DATE,BOARD_TYPE) values (78,'갤러리 게시물 제목','admin',0,0,to_timestamp('21/06/07 15:29:12.000000000','RR/MM/DD HH24:MI:SSXFF'),to_timestamp('21/06/07 15:29:12.000000000','RR/MM/DD HH24:MI:SSXFF'),'gallery');
Insert into XE.TBL_BOARD (BNO,TITLE,WRITER,VIEW_COUNT,REPLY_CONUT,REG_DATE,UPDATE_DATE,BOARD_TYPE) values (79,'갤러리 게시물 제목','admin',0,0,to_timestamp('21/06/07 15:29:13.000000000','RR/MM/DD HH24:MI:SSXFF'),to_timestamp('21/06/07 15:29:13.000000000','RR/MM/DD HH24:MI:SSXFF'),'gallery');
Insert into XE.TBL_BOARD (BNO,TITLE,WRITER,VIEW_COUNT,REPLY_CONUT,REG_DATE,UPDATE_DATE,BOARD_TYPE) values (80,'갤러리 게시물 제목','admin',0,0,to_timestamp('21/06/07 15:29:14.000000000','RR/MM/DD HH24:MI:SSXFF'),to_timestamp('21/06/07 15:29:14.000000000','RR/MM/DD HH24:MI:SSXFF'),'gallery');
Insert into XE.TBL_BOARD (BNO,TITLE,WRITER,VIEW_COUNT,REPLY_CONUT,REG_DATE,UPDATE_DATE,BOARD_TYPE) values (81,'갤러리 게시물 제목','admin',0,0,to_timestamp('21/06/07 15:29:15.000000000','RR/MM/DD HH24:MI:SSXFF'),to_timestamp('21/06/07 15:29:15.000000000','RR/MM/DD HH24:MI:SSXFF'),'gallery');
Insert into XE.TBL_BOARD (BNO,TITLE,WRITER,VIEW_COUNT,REPLY_CONUT,REG_DATE,UPDATE_DATE,BOARD_TYPE) values (82,'갤러리 게시물 제목','admin',0,0,to_timestamp('21/06/07 15:29:16.000000000','RR/MM/DD HH24:MI:SSXFF'),to_timestamp('21/06/07 15:29:16.000000000','RR/MM/DD HH24:MI:SSXFF'),'gallery');
Insert into XE.TBL_BOARD (BNO,TITLE,WRITER,VIEW_COUNT,REPLY_CONUT,REG_DATE,UPDATE_DATE,BOARD_TYPE) values (83,'갤러리 게시물 제목','admin',0,0,to_timestamp('21/06/07 15:29:17.000000000','RR/MM/DD HH24:MI:SSXFF'),to_timestamp('21/06/07 15:29:17.000000000','RR/MM/DD HH24:MI:SSXFF'),'gallery');
Insert into XE.TBL_BOARD (BNO,TITLE,WRITER,VIEW_COUNT,REPLY_CONUT,REG_DATE,UPDATE_DATE,BOARD_TYPE) values (84,'갤러리 게시물 제목','admin',0,0,to_timestamp('21/06/07 15:29:18.000000000','RR/MM/DD HH24:MI:SSXFF'),to_timestamp('21/06/07 15:29:18.000000000','RR/MM/DD HH24:MI:SSXFF'),'gallery');
Insert into XE.TBL_BOARD (BNO,TITLE,WRITER,VIEW_COUNT,REPLY_CONUT,REG_DATE,UPDATE_DATE,BOARD_TYPE) values (85,'갤러리 게시물 제목','admin',0,0,to_timestamp('21/06/07 15:29:19.000000000','RR/MM/DD HH24:MI:SSXFF'),to_timestamp('21/06/07 15:29:19.000000000','RR/MM/DD HH24:MI:SSXFF'),'gallery');
Insert into XE.TBL_BOARD (BNO,TITLE,WRITER,VIEW_COUNT,REPLY_CONUT,REG_DATE,UPDATE_DATE,BOARD_TYPE) values (86,'갤러리 게시물 제목','admin',0,0,to_timestamp('21/06/07 15:29:20.000000000','RR/MM/DD HH24:MI:SSXFF'),to_timestamp('21/06/07 15:29:20.000000000','RR/MM/DD HH24:MI:SSXFF'),'gallery');
Insert into XE.TBL_BOARD (BNO,TITLE,WRITER,VIEW_COUNT,REPLY_CONUT,REG_DATE,UPDATE_DATE,BOARD_TYPE) values (87,'갤러리 게시물 제목','admin',0,0,to_timestamp('21/06/07 15:29:21.000000000','RR/MM/DD HH24:MI:SSXFF'),to_timestamp('21/06/07 15:29:21.000000000','RR/MM/DD HH24:MI:SSXFF'),'gallery');
Insert into XE.TBL_BOARD (BNO,TITLE,WRITER,VIEW_COUNT,REPLY_CONUT,REG_DATE,UPDATE_DATE,BOARD_TYPE) values (88,'갤러리 게시물 제목','admin',0,0,to_timestamp('21/06/07 15:29:22.000000000','RR/MM/DD HH24:MI:SSXFF'),to_timestamp('21/06/07 15:29:22.000000000','RR/MM/DD HH24:MI:SSXFF'),'gallery');
Insert into XE.TBL_BOARD (BNO,TITLE,WRITER,VIEW_COUNT,REPLY_CONUT,REG_DATE,UPDATE_DATE,BOARD_TYPE) values (89,'갤러리 게시물 제목','admin',0,0,to_timestamp('21/06/07 15:29:23.000000000','RR/MM/DD HH24:MI:SSXFF'),to_timestamp('21/06/07 15:29:23.000000000','RR/MM/DD HH24:MI:SSXFF'),'gallery');
Insert into XE.TBL_BOARD (BNO,TITLE,WRITER,VIEW_COUNT,REPLY_CONUT,REG_DATE,UPDATE_DATE,BOARD_TYPE) values (90,'갤러리 게시물 제목','admin',0,0,to_timestamp('21/06/07 15:29:24.000000000','RR/MM/DD HH24:MI:SSXFF'),to_timestamp('21/06/07 15:29:24.000000000','RR/MM/DD HH24:MI:SSXFF'),'gallery');
Insert into XE.TBL_BOARD (BNO,TITLE,WRITER,VIEW_COUNT,REPLY_CONUT,REG_DATE,UPDATE_DATE,BOARD_TYPE) values (91,'갤러리 게시물 제목','admin',0,0,to_timestamp('21/06/07 15:29:25.000000000','RR/MM/DD HH24:MI:SSXFF'),to_timestamp('21/06/07 15:29:25.000000000','RR/MM/DD HH24:MI:SSXFF'),'gallery');
Insert into XE.TBL_BOARD (BNO,TITLE,WRITER,VIEW_COUNT,REPLY_CONUT,REG_DATE,UPDATE_DATE,BOARD_TYPE) values (92,'갤러리 게시물 제목','admin',0,0,to_timestamp('21/06/07 15:29:26.000000000','RR/MM/DD HH24:MI:SSXFF'),to_timestamp('21/06/07 15:29:26.000000000','RR/MM/DD HH24:MI:SSXFF'),'gallery');
Insert into XE.TBL_BOARD (BNO,TITLE,WRITER,VIEW_COUNT,REPLY_CONUT,REG_DATE,UPDATE_DATE,BOARD_TYPE) values (93,'갤러리 게시물 제목','admin',0,0,to_timestamp('21/06/07 15:29:27.000000000','RR/MM/DD HH24:MI:SSXFF'),to_timestamp('21/06/07 15:29:27.000000000','RR/MM/DD HH24:MI:SSXFF'),'gallery');
Insert into XE.TBL_BOARD (BNO,TITLE,WRITER,VIEW_COUNT,REPLY_CONUT,REG_DATE,UPDATE_DATE,BOARD_TYPE) values (94,'갤러리 게시물 제목','admin',0,0,to_timestamp('21/06/07 15:29:28.000000000','RR/MM/DD HH24:MI:SSXFF'),to_timestamp('21/06/07 15:29:28.000000000','RR/MM/DD HH24:MI:SSXFF'),'gallery');
Insert into XE.TBL_BOARD (BNO,TITLE,WRITER,VIEW_COUNT,REPLY_CONUT,REG_DATE,UPDATE_DATE,BOARD_TYPE) values (95,'갤러리 게시물 제목','admin',0,0,to_timestamp('21/06/07 15:29:29.000000000','RR/MM/DD HH24:MI:SSXFF'),to_timestamp('21/06/07 15:29:29.000000000','RR/MM/DD HH24:MI:SSXFF'),'gallery');
Insert into XE.TBL_BOARD (BNO,TITLE,WRITER,VIEW_COUNT,REPLY_CONUT,REG_DATE,UPDATE_DATE,BOARD_TYPE) values (96,'갤러리 게시물 제목','admin',0,0,to_timestamp('21/06/07 15:29:30.000000000','RR/MM/DD HH24:MI:SSXFF'),to_timestamp('21/06/07 15:29:30.000000000','RR/MM/DD HH24:MI:SSXFF'),'gallery');
Insert into XE.TBL_BOARD (BNO,TITLE,WRITER,VIEW_COUNT,REPLY_CONUT,REG_DATE,UPDATE_DATE,BOARD_TYPE) values (97,'갤러리 게시물 제목','admin',0,0,to_timestamp('21/06/07 15:29:31.000000000','RR/MM/DD HH24:MI:SSXFF'),to_timestamp('21/06/07 15:29:31.000000000','RR/MM/DD HH24:MI:SSXFF'),'gallery');
Insert into XE.TBL_BOARD (BNO,TITLE,WRITER,VIEW_COUNT,REPLY_CONUT,REG_DATE,UPDATE_DATE,BOARD_TYPE) values (98,'갤러리 게시물 제목','admin',0,0,to_timestamp('21/06/07 15:29:32.000000000','RR/MM/DD HH24:MI:SSXFF'),to_timestamp('21/06/07 15:29:32.000000000','RR/MM/DD HH24:MI:SSXFF'),'gallery');
Insert into XE.TBL_BOARD (BNO,TITLE,WRITER,VIEW_COUNT,REPLY_CONUT,REG_DATE,UPDATE_DATE,BOARD_TYPE) values (99,'갤러리 게시물 제목','admin',0,0,to_timestamp('21/06/07 15:29:33.000000000','RR/MM/DD HH24:MI:SSXFF'),to_timestamp('21/06/07 15:29:33.000000000','RR/MM/DD HH24:MI:SSXFF'),'gallery');
Insert into XE.TBL_BOARD (BNO,TITLE,WRITER,VIEW_COUNT,REPLY_CONUT,REG_DATE,UPDATE_DATE,BOARD_TYPE) values (100,'갤러리 게시물 제목','admin',0,0,to_timestamp('21/06/07 15:29:34.000000000','RR/MM/DD HH24:MI:SSXFF'),to_timestamp('21/06/07 15:29:34.000000000','RR/MM/DD HH24:MI:SSXFF'),'gallery');
Insert into XE.TBL_BOARD (BNO,TITLE,WRITER,VIEW_COUNT,REPLY_CONUT,REG_DATE,UPDATE_DATE,BOARD_TYPE) values (1,'공지사항 게시물 제목','admin',0,0,to_timestamp('21/06/07 15:27:55.000000000','RR/MM/DD HH24:MI:SSXFF'),to_timestamp('21/06/07 15:27:55.000000000','RR/MM/DD HH24:MI:SSXFF'),'notice');
Insert into XE.TBL_BOARD (BNO,TITLE,WRITER,VIEW_COUNT,REPLY_CONUT,REG_DATE,UPDATE_DATE,BOARD_TYPE) values (2,'공지사항 게시물 제목','admin',0,0,to_timestamp('21/06/07 15:27:56.000000000','RR/MM/DD HH24:MI:SSXFF'),to_timestamp('21/06/07 15:27:56.000000000','RR/MM/DD HH24:MI:SSXFF'),'notice');
Insert into XE.TBL_BOARD (BNO,TITLE,WRITER,VIEW_COUNT,REPLY_CONUT,REG_DATE,UPDATE_DATE,BOARD_TYPE) values (3,'공지사항 게시물 제목','admin',0,0,to_timestamp('21/06/07 15:27:57.000000000','RR/MM/DD HH24:MI:SSXFF'),to_timestamp('21/06/07 15:27:57.000000000','RR/MM/DD HH24:MI:SSXFF'),'notice');
Insert into XE.TBL_BOARD (BNO,TITLE,WRITER,VIEW_COUNT,REPLY_CONUT,REG_DATE,UPDATE_DATE,BOARD_TYPE) values (4,'공지사항 게시물 제목','admin',0,0,to_timestamp('21/06/07 15:27:58.000000000','RR/MM/DD HH24:MI:SSXFF'),to_timestamp('21/06/07 15:27:58.000000000','RR/MM/DD HH24:MI:SSXFF'),'notice');
Insert into XE.TBL_BOARD (BNO,TITLE,WRITER,VIEW_COUNT,REPLY_CONUT,REG_DATE,UPDATE_DATE,BOARD_TYPE) values (5,'공지사항 게시물 제목','admin',0,0,to_timestamp('21/06/07 15:27:59.000000000','RR/MM/DD HH24:MI:SSXFF'),to_timestamp('21/06/07 15:27:59.000000000','RR/MM/DD HH24:MI:SSXFF'),'notice');
Insert into XE.TBL_BOARD (BNO,TITLE,WRITER,VIEW_COUNT,REPLY_CONUT,REG_DATE,UPDATE_DATE,BOARD_TYPE) values (6,'공지사항 게시물 제목','admin',0,0,to_timestamp('21/06/07 15:28:00.000000000','RR/MM/DD HH24:MI:SSXFF'),to_timestamp('21/06/07 15:28:00.000000000','RR/MM/DD HH24:MI:SSXFF'),'notice');
Insert into XE.TBL_BOARD (BNO,TITLE,WRITER,VIEW_COUNT,REPLY_CONUT,REG_DATE,UPDATE_DATE,BOARD_TYPE) values (7,'공지사항 게시물 제목','admin',0,0,to_timestamp('21/06/07 15:28:01.000000000','RR/MM/DD HH24:MI:SSXFF'),to_timestamp('21/06/07 15:28:01.000000000','RR/MM/DD HH24:MI:SSXFF'),'notice');
Insert into XE.TBL_BOARD (BNO,TITLE,WRITER,VIEW_COUNT,REPLY_CONUT,REG_DATE,UPDATE_DATE,BOARD_TYPE) values (8,'공지사항 게시물 제목','admin',0,0,to_timestamp('21/06/07 15:28:02.000000000','RR/MM/DD HH24:MI:SSXFF'),to_timestamp('21/06/07 15:28:02.000000000','RR/MM/DD HH24:MI:SSXFF'),'notice');
Insert into XE.TBL_BOARD (BNO,TITLE,WRITER,VIEW_COUNT,REPLY_CONUT,REG_DATE,UPDATE_DATE,BOARD_TYPE) values (9,'공지사항 게시물 제목','admin',0,0,to_timestamp('21/06/07 15:28:03.000000000','RR/MM/DD HH24:MI:SSXFF'),to_timestamp('21/06/07 15:28:03.000000000','RR/MM/DD HH24:MI:SSXFF'),'notice');
Insert into XE.TBL_BOARD (BNO,TITLE,WRITER,VIEW_COUNT,REPLY_CONUT,REG_DATE,UPDATE_DATE,BOARD_TYPE) values (10,'공지사항 게시물 제목','admin',0,0,to_timestamp('21/06/07 15:28:04.000000000','RR/MM/DD HH24:MI:SSXFF'),to_timestamp('21/06/07 15:28:04.000000000','RR/MM/DD HH24:MI:SSXFF'),'notice');
Insert into XE.TBL_BOARD (BNO,TITLE,WRITER,VIEW_COUNT,REPLY_CONUT,REG_DATE,UPDATE_DATE,BOARD_TYPE) values (11,'공지사항 게시물 제목','admin',0,0,to_timestamp('21/06/07 15:28:05.000000000','RR/MM/DD HH24:MI:SSXFF'),to_timestamp('21/06/07 15:28:05.000000000','RR/MM/DD HH24:MI:SSXFF'),'notice');
Insert into XE.TBL_BOARD (BNO,TITLE,WRITER,VIEW_COUNT,REPLY_CONUT,REG_DATE,UPDATE_DATE,BOARD_TYPE) values (12,'공지사항 게시물 제목','admin',0,0,to_timestamp('21/06/07 15:28:06.000000000','RR/MM/DD HH24:MI:SSXFF'),to_timestamp('21/06/07 15:28:06.000000000','RR/MM/DD HH24:MI:SSXFF'),'notice');
Insert into XE.TBL_BOARD (BNO,TITLE,WRITER,VIEW_COUNT,REPLY_CONUT,REG_DATE,UPDATE_DATE,BOARD_TYPE) values (13,'공지사항 게시물 제목','admin',0,0,to_timestamp('21/06/07 15:28:07.000000000','RR/MM/DD HH24:MI:SSXFF'),to_timestamp('21/06/07 15:28:07.000000000','RR/MM/DD HH24:MI:SSXFF'),'notice');
Insert into XE.TBL_BOARD (BNO,TITLE,WRITER,VIEW_COUNT,REPLY_CONUT,REG_DATE,UPDATE_DATE,BOARD_TYPE) values (14,'공지사항 게시물 제목','admin',0,0,to_timestamp('21/06/07 15:28:08.000000000','RR/MM/DD HH24:MI:SSXFF'),to_timestamp('21/06/07 15:28:08.000000000','RR/MM/DD HH24:MI:SSXFF'),'notice');
Insert into XE.TBL_BOARD (BNO,TITLE,WRITER,VIEW_COUNT,REPLY_CONUT,REG_DATE,UPDATE_DATE,BOARD_TYPE) values (15,'공지사항 게시물 제목','admin',0,0,to_timestamp('21/06/07 15:28:09.000000000','RR/MM/DD HH24:MI:SSXFF'),to_timestamp('21/06/07 15:28:09.000000000','RR/MM/DD HH24:MI:SSXFF'),'notice');
Insert into XE.TBL_BOARD (BNO,TITLE,WRITER,VIEW_COUNT,REPLY_CONUT,REG_DATE,UPDATE_DATE,BOARD_TYPE) values (16,'공지사항 게시물 제목','admin',0,0,to_timestamp('21/06/07 15:28:10.000000000','RR/MM/DD HH24:MI:SSXFF'),to_timestamp('21/06/07 15:28:10.000000000','RR/MM/DD HH24:MI:SSXFF'),'notice');
Insert into XE.TBL_BOARD (BNO,TITLE,WRITER,VIEW_COUNT,REPLY_CONUT,REG_DATE,UPDATE_DATE,BOARD_TYPE) values (17,'공지사항 게시물 제목','admin',0,0,to_timestamp('21/06/07 15:28:11.000000000','RR/MM/DD HH24:MI:SSXFF'),to_timestamp('21/06/07 15:28:11.000000000','RR/MM/DD HH24:MI:SSXFF'),'notice');
Insert into XE.TBL_BOARD (BNO,TITLE,WRITER,VIEW_COUNT,REPLY_CONUT,REG_DATE,UPDATE_DATE,BOARD_TYPE) values (18,'공지사항 게시물 제목','admin',0,0,to_timestamp('21/06/07 15:28:12.000000000','RR/MM/DD HH24:MI:SSXFF'),to_timestamp('21/06/07 15:28:12.000000000','RR/MM/DD HH24:MI:SSXFF'),'notice');
Insert into XE.TBL_BOARD (BNO,TITLE,WRITER,VIEW_COUNT,REPLY_CONUT,REG_DATE,UPDATE_DATE,BOARD_TYPE) values (19,'공지사항 게시물 제목','admin',0,0,to_timestamp('21/06/07 15:28:13.000000000','RR/MM/DD HH24:MI:SSXFF'),to_timestamp('21/06/07 15:28:13.000000000','RR/MM/DD HH24:MI:SSXFF'),'notice');
Insert into XE.TBL_BOARD (BNO,TITLE,WRITER,VIEW_COUNT,REPLY_CONUT,REG_DATE,UPDATE_DATE,BOARD_TYPE) values (20,'공지사항 게시물 제목','admin',0,0,to_timestamp('21/06/07 15:28:14.000000000','RR/MM/DD HH24:MI:SSXFF'),to_timestamp('21/06/07 15:28:14.000000000','RR/MM/DD HH24:MI:SSXFF'),'notice');
Insert into XE.TBL_BOARD (BNO,TITLE,WRITER,VIEW_COUNT,REPLY_CONUT,REG_DATE,UPDATE_DATE,BOARD_TYPE) values (21,'공지사항 게시물 제목','admin',0,0,to_timestamp('21/06/07 15:28:15.000000000','RR/MM/DD HH24:MI:SSXFF'),to_timestamp('21/06/07 15:28:15.000000000','RR/MM/DD HH24:MI:SSXFF'),'notice');
Insert into XE.TBL_BOARD (BNO,TITLE,WRITER,VIEW_COUNT,REPLY_CONUT,REG_DATE,UPDATE_DATE,BOARD_TYPE) values (22,'공지사항 게시물 제목','admin',0,0,to_timestamp('21/06/07 15:28:16.000000000','RR/MM/DD HH24:MI:SSXFF'),to_timestamp('21/06/07 15:28:16.000000000','RR/MM/DD HH24:MI:SSXFF'),'notice');
Insert into XE.TBL_BOARD (BNO,TITLE,WRITER,VIEW_COUNT,REPLY_CONUT,REG_DATE,UPDATE_DATE,BOARD_TYPE) values (23,'공지사항 게시물 제목','admin',0,0,to_timestamp('21/06/07 15:28:17.000000000','RR/MM/DD HH24:MI:SSXFF'),to_timestamp('21/06/07 15:28:17.000000000','RR/MM/DD HH24:MI:SSXFF'),'notice');
Insert into XE.TBL_BOARD (BNO,TITLE,WRITER,VIEW_COUNT,REPLY_CONUT,REG_DATE,UPDATE_DATE,BOARD_TYPE) values (24,'공지사항 게시물 제목','admin',0,0,to_timestamp('21/06/07 15:28:18.000000000','RR/MM/DD HH24:MI:SSXFF'),to_timestamp('21/06/07 15:28:18.000000000','RR/MM/DD HH24:MI:SSXFF'),'notice');
Insert into XE.TBL_BOARD (BNO,TITLE,WRITER,VIEW_COUNT,REPLY_CONUT,REG_DATE,UPDATE_DATE,BOARD_TYPE) values (25,'공지사항 게시물 제목','admin',0,0,to_timestamp('21/06/07 15:28:19.000000000','RR/MM/DD HH24:MI:SSXFF'),to_timestamp('21/06/07 15:28:19.000000000','RR/MM/DD HH24:MI:SSXFF'),'notice');
Insert into XE.TBL_BOARD (BNO,TITLE,WRITER,VIEW_COUNT,REPLY_CONUT,REG_DATE,UPDATE_DATE,BOARD_TYPE) values (26,'공지사항 게시물 제목','admin',0,0,to_timestamp('21/06/07 15:28:20.000000000','RR/MM/DD HH24:MI:SSXFF'),to_timestamp('21/06/07 15:28:20.000000000','RR/MM/DD HH24:MI:SSXFF'),'notice');
Insert into XE.TBL_BOARD (BNO,TITLE,WRITER,VIEW_COUNT,REPLY_CONUT,REG_DATE,UPDATE_DATE,BOARD_TYPE) values (27,'공지사항 게시물 제목','admin',0,0,to_timestamp('21/06/07 15:28:21.000000000','RR/MM/DD HH24:MI:SSXFF'),to_timestamp('21/06/07 15:28:21.000000000','RR/MM/DD HH24:MI:SSXFF'),'notice');
Insert into XE.TBL_BOARD (BNO,TITLE,WRITER,VIEW_COUNT,REPLY_CONUT,REG_DATE,UPDATE_DATE,BOARD_TYPE) values (28,'공지사항 게시물 제목','admin',0,0,to_timestamp('21/06/07 15:28:22.000000000','RR/MM/DD HH24:MI:SSXFF'),to_timestamp('21/06/07 15:28:22.000000000','RR/MM/DD HH24:MI:SSXFF'),'notice');
Insert into XE.TBL_BOARD (BNO,TITLE,WRITER,VIEW_COUNT,REPLY_CONUT,REG_DATE,UPDATE_DATE,BOARD_TYPE) values (29,'공지사항 게시물 제목','admin',0,0,to_timestamp('21/06/07 15:28:23.000000000','RR/MM/DD HH24:MI:SSXFF'),to_timestamp('21/06/07 15:28:23.000000000','RR/MM/DD HH24:MI:SSXFF'),'notice');
Insert into XE.TBL_BOARD (BNO,TITLE,WRITER,VIEW_COUNT,REPLY_CONUT,REG_DATE,UPDATE_DATE,BOARD_TYPE) values (30,'공지사항 게시물 제목','admin',0,0,to_timestamp('21/06/07 15:28:24.000000000','RR/MM/DD HH24:MI:SSXFF'),to_timestamp('21/06/07 15:28:24.000000000','RR/MM/DD HH24:MI:SSXFF'),'notice');
Insert into XE.TBL_BOARD (BNO,TITLE,WRITER,VIEW_COUNT,REPLY_CONUT,REG_DATE,UPDATE_DATE,BOARD_TYPE) values (31,'공지사항 게시물 제목','admin',0,0,to_timestamp('21/06/07 15:28:25.000000000','RR/MM/DD HH24:MI:SSXFF'),to_timestamp('21/06/07 15:28:25.000000000','RR/MM/DD HH24:MI:SSXFF'),'notice');
Insert into XE.TBL_BOARD (BNO,TITLE,WRITER,VIEW_COUNT,REPLY_CONUT,REG_DATE,UPDATE_DATE,BOARD_TYPE) values (32,'공지사항 게시물 제목','admin',0,0,to_timestamp('21/06/07 15:28:26.000000000','RR/MM/DD HH24:MI:SSXFF'),to_timestamp('21/06/07 15:28:26.000000000','RR/MM/DD HH24:MI:SSXFF'),'notice');
Insert into XE.TBL_BOARD (BNO,TITLE,WRITER,VIEW_COUNT,REPLY_CONUT,REG_DATE,UPDATE_DATE,BOARD_TYPE) values (33,'공지사항 게시물 제목','admin',0,0,to_timestamp('21/06/07 15:28:27.000000000','RR/MM/DD HH24:MI:SSXFF'),to_timestamp('21/06/07 15:28:27.000000000','RR/MM/DD HH24:MI:SSXFF'),'notice');
Insert into XE.TBL_BOARD (BNO,TITLE,WRITER,VIEW_COUNT,REPLY_CONUT,REG_DATE,UPDATE_DATE,BOARD_TYPE) values (34,'공지사항 게시물 제목','admin',0,0,to_timestamp('21/06/07 15:28:28.000000000','RR/MM/DD HH24:MI:SSXFF'),to_timestamp('21/06/07 15:28:28.000000000','RR/MM/DD HH24:MI:SSXFF'),'notice');
Insert into XE.TBL_BOARD (BNO,TITLE,WRITER,VIEW_COUNT,REPLY_CONUT,REG_DATE,UPDATE_DATE,BOARD_TYPE) values (35,'공지사항 게시물 제목','admin',0,0,to_timestamp('21/06/07 15:28:29.000000000','RR/MM/DD HH24:MI:SSXFF'),to_timestamp('21/06/07 15:28:29.000000000','RR/MM/DD HH24:MI:SSXFF'),'notice');
Insert into XE.TBL_BOARD (BNO,TITLE,WRITER,VIEW_COUNT,REPLY_CONUT,REG_DATE,UPDATE_DATE,BOARD_TYPE) values (36,'공지사항 게시물 제목','admin',0,0,to_timestamp('21/06/07 15:28:30.000000000','RR/MM/DD HH24:MI:SSXFF'),to_timestamp('21/06/07 15:28:30.000000000','RR/MM/DD HH24:MI:SSXFF'),'notice');
Insert into XE.TBL_BOARD (BNO,TITLE,WRITER,VIEW_COUNT,REPLY_CONUT,REG_DATE,UPDATE_DATE,BOARD_TYPE) values (37,'공지사항 게시물 제목','admin',0,0,to_timestamp('21/06/07 15:28:31.000000000','RR/MM/DD HH24:MI:SSXFF'),to_timestamp('21/06/07 15:28:31.000000000','RR/MM/DD HH24:MI:SSXFF'),'notice');
Insert into XE.TBL_BOARD (BNO,TITLE,WRITER,VIEW_COUNT,REPLY_CONUT,REG_DATE,UPDATE_DATE,BOARD_TYPE) values (38,'공지사항 게시물 제목','admin',0,0,to_timestamp('21/06/07 15:28:32.000000000','RR/MM/DD HH24:MI:SSXFF'),to_timestamp('21/06/07 15:28:32.000000000','RR/MM/DD HH24:MI:SSXFF'),'notice');
Insert into XE.TBL_BOARD (BNO,TITLE,WRITER,VIEW_COUNT,REPLY_CONUT,REG_DATE,UPDATE_DATE,BOARD_TYPE) values (39,'공지사항 게시물 제목','admin',0,0,to_timestamp('21/06/07 15:28:33.000000000','RR/MM/DD HH24:MI:SSXFF'),to_timestamp('21/06/07 15:28:33.000000000','RR/MM/DD HH24:MI:SSXFF'),'notice');
Insert into XE.TBL_BOARD (BNO,TITLE,WRITER,VIEW_COUNT,REPLY_CONUT,REG_DATE,UPDATE_DATE,BOARD_TYPE) values (40,'공지사항 게시물 제목','admin',0,0,to_timestamp('21/06/07 15:28:34.000000000','RR/MM/DD HH24:MI:SSXFF'),to_timestamp('21/06/07 15:28:34.000000000','RR/MM/DD HH24:MI:SSXFF'),'notice');
Insert into XE.TBL_BOARD (BNO,TITLE,WRITER,VIEW_COUNT,REPLY_CONUT,REG_DATE,UPDATE_DATE,BOARD_TYPE) values (41,'공지사항 게시물 제목','admin',0,0,to_timestamp('21/06/07 15:28:35.000000000','RR/MM/DD HH24:MI:SSXFF'),to_timestamp('21/06/07 15:28:35.000000000','RR/MM/DD HH24:MI:SSXFF'),'notice');
Insert into XE.TBL_BOARD (BNO,TITLE,WRITER,VIEW_COUNT,REPLY_CONUT,REG_DATE,UPDATE_DATE,BOARD_TYPE) values (42,'공지사항 게시물 제목','admin',0,0,to_timestamp('21/06/07 15:28:36.000000000','RR/MM/DD HH24:MI:SSXFF'),to_timestamp('21/06/07 15:28:36.000000000','RR/MM/DD HH24:MI:SSXFF'),'notice');
Insert into XE.TBL_BOARD (BNO,TITLE,WRITER,VIEW_COUNT,REPLY_CONUT,REG_DATE,UPDATE_DATE,BOARD_TYPE) values (43,'공지사항 게시물 제목','admin',0,0,to_timestamp('21/06/07 15:28:37.000000000','RR/MM/DD HH24:MI:SSXFF'),to_timestamp('21/06/07 15:28:37.000000000','RR/MM/DD HH24:MI:SSXFF'),'notice');
Insert into XE.TBL_BOARD (BNO,TITLE,WRITER,VIEW_COUNT,REPLY_CONUT,REG_DATE,UPDATE_DATE,BOARD_TYPE) values (44,'공지사항 게시물 제목','admin',0,0,to_timestamp('21/06/07 15:28:38.000000000','RR/MM/DD HH24:MI:SSXFF'),to_timestamp('21/06/07 15:28:38.000000000','RR/MM/DD HH24:MI:SSXFF'),'notice');
Insert into XE.TBL_BOARD (BNO,TITLE,WRITER,VIEW_COUNT,REPLY_CONUT,REG_DATE,UPDATE_DATE,BOARD_TYPE) values (45,'공지사항 게시물 제목','admin',0,0,to_timestamp('21/06/07 15:28:39.000000000','RR/MM/DD HH24:MI:SSXFF'),to_timestamp('21/06/07 15:28:39.000000000','RR/MM/DD HH24:MI:SSXFF'),'notice');
Insert into XE.TBL_BOARD (BNO,TITLE,WRITER,VIEW_COUNT,REPLY_CONUT,REG_DATE,UPDATE_DATE,BOARD_TYPE) values (46,'공지사항 게시물 제목','admin',0,0,to_timestamp('21/06/07 15:28:40.000000000','RR/MM/DD HH24:MI:SSXFF'),to_timestamp('21/06/07 15:28:40.000000000','RR/MM/DD HH24:MI:SSXFF'),'notice');
Insert into XE.TBL_BOARD (BNO,TITLE,WRITER,VIEW_COUNT,REPLY_CONUT,REG_DATE,UPDATE_DATE,BOARD_TYPE) values (47,'공지사항 게시물 제목','admin',0,0,to_timestamp('21/06/07 15:28:41.000000000','RR/MM/DD HH24:MI:SSXFF'),to_timestamp('21/06/07 15:28:41.000000000','RR/MM/DD HH24:MI:SSXFF'),'notice');
Insert into XE.TBL_BOARD (BNO,TITLE,WRITER,VIEW_COUNT,REPLY_CONUT,REG_DATE,UPDATE_DATE,BOARD_TYPE) values (48,'공지사항 게시물 제목','admin',0,0,to_timestamp('21/06/07 15:28:42.000000000','RR/MM/DD HH24:MI:SSXFF'),to_timestamp('21/06/07 15:28:42.000000000','RR/MM/DD HH24:MI:SSXFF'),'notice');
Insert into XE.TBL_BOARD (BNO,TITLE,WRITER,VIEW_COUNT,REPLY_CONUT,REG_DATE,UPDATE_DATE,BOARD_TYPE) values (49,'공지사항 게시물 제목','admin',0,0,to_timestamp('21/06/07 15:28:43.000000000','RR/MM/DD HH24:MI:SSXFF'),to_timestamp('21/06/07 15:28:43.000000000','RR/MM/DD HH24:MI:SSXFF'),'notice');
Insert into XE.TBL_BOARD (BNO,TITLE,WRITER,VIEW_COUNT,REPLY_CONUT,REG_DATE,UPDATE_DATE,BOARD_TYPE) values (50,'갤러리 게시물 제목','admin',0,0,to_timestamp('21/06/07 15:28:44.000000000','RR/MM/DD HH24:MI:SSXFF'),to_timestamp('21/06/07 15:28:44.000000000','RR/MM/DD HH24:MI:SSXFF'),'gallery');
Insert into XE.TBL_BOARD (BNO,TITLE,WRITER,VIEW_COUNT,REPLY_CONUT,REG_DATE,UPDATE_DATE,BOARD_TYPE) values (51,'갤러리 게시물 제목','admin',0,0,to_timestamp('21/06/07 15:28:45.000000000','RR/MM/DD HH24:MI:SSXFF'),to_timestamp('21/06/07 15:28:45.000000000','RR/MM/DD HH24:MI:SSXFF'),'gallery');
Insert into XE.TBL_BOARD (BNO,TITLE,WRITER,VIEW_COUNT,REPLY_CONUT,REG_DATE,UPDATE_DATE,BOARD_TYPE) values (52,'갤러리 게시물 제목','admin',0,0,to_timestamp('21/06/07 15:28:46.000000000','RR/MM/DD HH24:MI:SSXFF'),to_timestamp('21/06/07 15:28:46.000000000','RR/MM/DD HH24:MI:SSXFF'),'gallery');
Insert into XE.TBL_BOARD (BNO,TITLE,WRITER,VIEW_COUNT,REPLY_CONUT,REG_DATE,UPDATE_DATE,BOARD_TYPE) values (53,'갤러리 게시물 제목','admin',0,0,to_timestamp('21/06/07 15:28:47.000000000','RR/MM/DD HH24:MI:SSXFF'),to_timestamp('21/06/07 15:28:47.000000000','RR/MM/DD HH24:MI:SSXFF'),'gallery');
Insert into XE.TBL_BOARD (BNO,TITLE,WRITER,VIEW_COUNT,REPLY_CONUT,REG_DATE,UPDATE_DATE,BOARD_TYPE) values (54,'갤러리 게시물 제목','admin',0,0,to_timestamp('21/06/07 15:28:48.000000000','RR/MM/DD HH24:MI:SSXFF'),to_timestamp('21/06/07 15:28:48.000000000','RR/MM/DD HH24:MI:SSXFF'),'gallery');
REM INSERTING into XE.TBL_BOARD_TYPE
SET DEFINE OFF;
Insert into XE.TBL_BOARD_TYPE (BOARD_TYPE,BOARD_NAME,BOARD_SUN) values ('notice','공지사항',1);
Insert into XE.TBL_BOARD_TYPE (BOARD_TYPE,BOARD_NAME,BOARD_SUN) values ('gallery','갤러리',2);
REM INSERTING into XE.TBL_MEMBER
SET DEFINE OFF;
Insert into XE.TBL_MEMBER (USER_ID,USER_PW,USER_NAME,EMAIL,POINT,ENABLED,LEVELS,REG_DATE,UPDATE_DATE) values ('user94','1234','사용자94','user@test.com',0,1,'ROLE_USER',to_timestamp('21/06/07 14:57:19.000000000','RR/MM/DD HH24:MI:SSXFF'),to_timestamp('21/06/07 14:57:19.000000000','RR/MM/DD HH24:MI:SSXFF'));
Insert into XE.TBL_MEMBER (USER_ID,USER_PW,USER_NAME,EMAIL,POINT,ENABLED,LEVELS,REG_DATE,UPDATE_DATE) values ('user95','1234','사용자95','user@test.com',0,1,'ROLE_USER',to_timestamp('21/06/07 14:57:20.000000000','RR/MM/DD HH24:MI:SSXFF'),to_timestamp('21/06/07 14:57:20.000000000','RR/MM/DD HH24:MI:SSXFF'));
Insert into XE.TBL_MEMBER (USER_ID,USER_PW,USER_NAME,EMAIL,POINT,ENABLED,LEVELS,REG_DATE,UPDATE_DATE) values ('user96','1234','사용자96','user@test.com',0,1,'ROLE_USER',to_timestamp('21/06/07 14:57:21.000000000','RR/MM/DD HH24:MI:SSXFF'),to_timestamp('21/06/07 14:57:21.000000000','RR/MM/DD HH24:MI:SSXFF'));
Insert into XE.TBL_MEMBER (USER_ID,USER_PW,USER_NAME,EMAIL,POINT,ENABLED,LEVELS,REG_DATE,UPDATE_DATE) values ('user97','1234','사용자97','user@test.com',0,1,'ROLE_USER',to_timestamp('21/06/07 14:57:22.000000000','RR/MM/DD HH24:MI:SSXFF'),to_timestamp('21/06/07 14:57:22.000000000','RR/MM/DD HH24:MI:SSXFF'));
Insert into XE.TBL_MEMBER (USER_ID,USER_PW,USER_NAME,EMAIL,POINT,ENABLED,LEVELS,REG_DATE,UPDATE_DATE) values ('user98','1234','사용자98','user@test.com',0,1,'ROLE_USER',to_timestamp('21/06/07 14:57:23.000000000','RR/MM/DD HH24:MI:SSXFF'),to_timestamp('21/06/07 14:57:23.000000000','RR/MM/DD HH24:MI:SSXFF'));
Insert into XE.TBL_MEMBER (USER_ID,USER_PW,USER_NAME,EMAIL,POINT,ENABLED,LEVELS,REG_DATE,UPDATE_DATE) values ('user99','1234','사용자99','user@test.com',0,1,'ROLE_USER',to_timestamp('21/06/07 14:57:24.000000000','RR/MM/DD HH24:MI:SSXFF'),to_timestamp('21/06/07 14:57:24.000000000','RR/MM/DD HH24:MI:SSXFF'));
Insert into XE.TBL_MEMBER (USER_ID,USER_PW,USER_NAME,EMAIL,POINT,ENABLED,LEVELS,REG_DATE,UPDATE_DATE) values ('admin','1234','사용자100','user@test.com',0,1,'ROLE_ADMIN',to_timestamp('21/06/07 14:57:25.000000000','RR/MM/DD HH24:MI:SSXFF'),to_timestamp('21/06/07 14:57:25.000000000','RR/MM/DD HH24:MI:SSXFF'));
Insert into XE.TBL_MEMBER (USER_ID,USER_PW,USER_NAME,EMAIL,POINT,ENABLED,LEVELS,REG_DATE,UPDATE_DATE) values ('user1','1234','사용자1','user@test.com',0,1,'ROLE_USER',to_timestamp('21/06/07 14:55:46.000000000','RR/MM/DD HH24:MI:SSXFF'),to_timestamp('21/06/07 14:55:46.000000000','RR/MM/DD HH24:MI:SSXFF'));
Insert into XE.TBL_MEMBER (USER_ID,USER_PW,USER_NAME,EMAIL,POINT,ENABLED,LEVELS,REG_DATE,UPDATE_DATE) values ('user2','1234','사용자2','user@test.com',0,1,'ROLE_USER',to_timestamp('21/06/07 14:55:47.000000000','RR/MM/DD HH24:MI:SSXFF'),to_timestamp('21/06/07 14:55:47.000000000','RR/MM/DD HH24:MI:SSXFF'));
Insert into XE.TBL_MEMBER (USER_ID,USER_PW,USER_NAME,EMAIL,POINT,ENABLED,LEVELS,REG_DATE,UPDATE_DATE) values ('user3','1234','사용자3','user@test.com',0,1,'ROLE_USER',to_timestamp('21/06/07 14:55:48.000000000','RR/MM/DD HH24:MI:SSXFF'),to_timestamp('21/06/07 14:55:48.000000000','RR/MM/DD HH24:MI:SSXFF'));
Insert into XE.TBL_MEMBER (USER_ID,USER_PW,USER_NAME,EMAIL,POINT,ENABLED,LEVELS,REG_DATE,UPDATE_DATE) values ('user4','1234','사용자4','user@test.com',0,1,'ROLE_USER',to_timestamp('21/06/07 14:55:49.000000000','RR/MM/DD HH24:MI:SSXFF'),to_timestamp('21/06/07 14:55:49.000000000','RR/MM/DD HH24:MI:SSXFF'));
Insert into XE.TBL_MEMBER (USER_ID,USER_PW,USER_NAME,EMAIL,POINT,ENABLED,LEVELS,REG_DATE,UPDATE_DATE) values ('user5','1234','사용자5','user@test.com',0,1,'ROLE_USER',to_timestamp('21/06/07 14:55:50.000000000','RR/MM/DD HH24:MI:SSXFF'),to_timestamp('21/06/07 14:55:50.000000000','RR/MM/DD HH24:MI:SSXFF'));
Insert into XE.TBL_MEMBER (USER_ID,USER_PW,USER_NAME,EMAIL,POINT,ENABLED,LEVELS,REG_DATE,UPDATE_DATE) values ('user6','1234','사용자6','user@test.com',0,1,'ROLE_USER',to_timestamp('21/06/07 14:55:51.000000000','RR/MM/DD HH24:MI:SSXFF'),to_timestamp('21/06/07 14:55:51.000000000','RR/MM/DD HH24:MI:SSXFF'));
Insert into XE.TBL_MEMBER (USER_ID,USER_PW,USER_NAME,EMAIL,POINT,ENABLED,LEVELS,REG_DATE,UPDATE_DATE) values ('user7','1234','사용자7','user@test.com',0,1,'ROLE_USER',to_timestamp('21/06/07 14:55:52.000000000','RR/MM/DD HH24:MI:SSXFF'),to_timestamp('21/06/07 14:55:52.000000000','RR/MM/DD HH24:MI:SSXFF'));
Insert into XE.TBL_MEMBER (USER_ID,USER_PW,USER_NAME,EMAIL,POINT,ENABLED,LEVELS,REG_DATE,UPDATE_DATE) values ('user8','1234','사용자8','user@test.com',0,1,'ROLE_USER',to_timestamp('21/06/07 14:55:53.000000000','RR/MM/DD HH24:MI:SSXFF'),to_timestamp('21/06/07 14:55:53.000000000','RR/MM/DD HH24:MI:SSXFF'));
Insert into XE.TBL_MEMBER (USER_ID,USER_PW,USER_NAME,EMAIL,POINT,ENABLED,LEVELS,REG_DATE,UPDATE_DATE) values ('user9','1234','사용자9','user@test.com',0,1,'ROLE_USER',to_timestamp('21/06/07 14:55:54.000000000','RR/MM/DD HH24:MI:SSXFF'),to_timestamp('21/06/07 14:55:54.000000000','RR/MM/DD HH24:MI:SSXFF'));
Insert into XE.TBL_MEMBER (USER_ID,USER_PW,USER_NAME,EMAIL,POINT,ENABLED,LEVELS,REG_DATE,UPDATE_DATE) values ('user10','1234','사용자10','user@test.com',0,1,'ROLE_USER',to_timestamp('21/06/07 14:55:55.000000000','RR/MM/DD HH24:MI:SSXFF'),to_timestamp('21/06/07 14:55:55.000000000','RR/MM/DD HH24:MI:SSXFF'));
Insert into XE.TBL_MEMBER (USER_ID,USER_PW,USER_NAME,EMAIL,POINT,ENABLED,LEVELS,REG_DATE,UPDATE_DATE) values ('user11','1234','사용자11','user@test.com',0,1,'ROLE_USER',to_timestamp('21/06/07 14:55:56.000000000','RR/MM/DD HH24:MI:SSXFF'),to_timestamp('21/06/07 14:55:56.000000000','RR/MM/DD HH24:MI:SSXFF'));
Insert into XE.TBL_MEMBER (USER_ID,USER_PW,USER_NAME,EMAIL,POINT,ENABLED,LEVELS,REG_DATE,UPDATE_DATE) values ('user12','1234','사용자12','user@test.com',0,1,'ROLE_USER',to_timestamp('21/06/07 14:55:57.000000000','RR/MM/DD HH24:MI:SSXFF'),to_timestamp('21/06/07 14:55:57.000000000','RR/MM/DD HH24:MI:SSXFF'));
Insert into XE.TBL_MEMBER (USER_ID,USER_PW,USER_NAME,EMAIL,POINT,ENABLED,LEVELS,REG_DATE,UPDATE_DATE) values ('user13','1234','사용자13','user@test.com',0,1,'ROLE_USER',to_timestamp('21/06/07 14:55:58.000000000','RR/MM/DD HH24:MI:SSXFF'),to_timestamp('21/06/07 14:55:58.000000000','RR/MM/DD HH24:MI:SSXFF'));
Insert into XE.TBL_MEMBER (USER_ID,USER_PW,USER_NAME,EMAIL,POINT,ENABLED,LEVELS,REG_DATE,UPDATE_DATE) values ('user14','1234','사용자14','user@test.com',0,1,'ROLE_USER',to_timestamp('21/06/07 14:55:59.000000000','RR/MM/DD HH24:MI:SSXFF'),to_timestamp('21/06/07 14:55:59.000000000','RR/MM/DD HH24:MI:SSXFF'));
Insert into XE.TBL_MEMBER (USER_ID,USER_PW,USER_NAME,EMAIL,POINT,ENABLED,LEVELS,REG_DATE,UPDATE_DATE) values ('user15','1234','사용자15','user@test.com',0,1,'ROLE_USER',to_timestamp('21/06/07 14:56:00.000000000','RR/MM/DD HH24:MI:SSXFF'),to_timestamp('21/06/07 14:56:00.000000000','RR/MM/DD HH24:MI:SSXFF'));
Insert into XE.TBL_MEMBER (USER_ID,USER_PW,USER_NAME,EMAIL,POINT,ENABLED,LEVELS,REG_DATE,UPDATE_DATE) values ('user16','1234','사용자16','user@test.com',0,1,'ROLE_USER',to_timestamp('21/06/07 14:56:01.000000000','RR/MM/DD HH24:MI:SSXFF'),to_timestamp('21/06/07 14:56:01.000000000','RR/MM/DD HH24:MI:SSXFF'));
Insert into XE.TBL_MEMBER (USER_ID,USER_PW,USER_NAME,EMAIL,POINT,ENABLED,LEVELS,REG_DATE,UPDATE_DATE) values ('user17','1234','사용자17','user@test.com',0,1,'ROLE_USER',to_timestamp('21/06/07 14:56:02.000000000','RR/MM/DD HH24:MI:SSXFF'),to_timestamp('21/06/07 14:56:02.000000000','RR/MM/DD HH24:MI:SSXFF'));
Insert into XE.TBL_MEMBER (USER_ID,USER_PW,USER_NAME,EMAIL,POINT,ENABLED,LEVELS,REG_DATE,UPDATE_DATE) values ('user18','1234','사용자18','user@test.com',0,1,'ROLE_USER',to_timestamp('21/06/07 14:56:03.000000000','RR/MM/DD HH24:MI:SSXFF'),to_timestamp('21/06/07 14:56:03.000000000','RR/MM/DD HH24:MI:SSXFF'));
Insert into XE.TBL_MEMBER (USER_ID,USER_PW,USER_NAME,EMAIL,POINT,ENABLED,LEVELS,REG_DATE,UPDATE_DATE) values ('user19','1234','사용자19','user@test.com',0,1,'ROLE_USER',to_timestamp('21/06/07 14:56:04.000000000','RR/MM/DD HH24:MI:SSXFF'),to_timestamp('21/06/07 14:56:04.000000000','RR/MM/DD HH24:MI:SSXFF'));
Insert into XE.TBL_MEMBER (USER_ID,USER_PW,USER_NAME,EMAIL,POINT,ENABLED,LEVELS,REG_DATE,UPDATE_DATE) values ('user20','1234','사용자20','user@test.com',0,1,'ROLE_USER',to_timestamp('21/06/07 14:56:05.000000000','RR/MM/DD HH24:MI:SSXFF'),to_timestamp('21/06/07 14:56:05.000000000','RR/MM/DD HH24:MI:SSXFF'));
Insert into XE.TBL_MEMBER (USER_ID,USER_PW,USER_NAME,EMAIL,POINT,ENABLED,LEVELS,REG_DATE,UPDATE_DATE) values ('user21','1234','사용자21','user@test.com',0,1,'ROLE_USER',to_timestamp('21/06/07 14:56:06.000000000','RR/MM/DD HH24:MI:SSXFF'),to_timestamp('21/06/07 14:56:06.000000000','RR/MM/DD HH24:MI:SSXFF'));
Insert into XE.TBL_MEMBER (USER_ID,USER_PW,USER_NAME,EMAIL,POINT,ENABLED,LEVELS,REG_DATE,UPDATE_DATE) values ('user22','1234','사용자22','user@test.com',0,1,'ROLE_USER',to_timestamp('21/06/07 14:56:07.000000000','RR/MM/DD HH24:MI:SSXFF'),to_timestamp('21/06/07 14:56:07.000000000','RR/MM/DD HH24:MI:SSXFF'));
Insert into XE.TBL_MEMBER (USER_ID,USER_PW,USER_NAME,EMAIL,POINT,ENABLED,LEVELS,REG_DATE,UPDATE_DATE) values ('user23','1234','사용자23','user@test.com',0,1,'ROLE_USER',to_timestamp('21/06/07 14:56:08.000000000','RR/MM/DD HH24:MI:SSXFF'),to_timestamp('21/06/07 14:56:08.000000000','RR/MM/DD HH24:MI:SSXFF'));
Insert into XE.TBL_MEMBER (USER_ID,USER_PW,USER_NAME,EMAIL,POINT,ENABLED,LEVELS,REG_DATE,UPDATE_DATE) values ('user24','1234','사용자24','user@test.com',0,1,'ROLE_USER',to_timestamp('21/06/07 14:56:09.000000000','RR/MM/DD HH24:MI:SSXFF'),to_timestamp('21/06/07 14:56:09.000000000','RR/MM/DD HH24:MI:SSXFF'));
Insert into XE.TBL_MEMBER (USER_ID,USER_PW,USER_NAME,EMAIL,POINT,ENABLED,LEVELS,REG_DATE,UPDATE_DATE) values ('user25','1234','사용자25','user@test.com',0,1,'ROLE_USER',to_timestamp('21/06/07 14:56:10.000000000','RR/MM/DD HH24:MI:SSXFF'),to_timestamp('21/06/07 14:56:10.000000000','RR/MM/DD HH24:MI:SSXFF'));
Insert into XE.TBL_MEMBER (USER_ID,USER_PW,USER_NAME,EMAIL,POINT,ENABLED,LEVELS,REG_DATE,UPDATE_DATE) values ('user26','1234','사용자26','user@test.com',0,1,'ROLE_USER',to_timestamp('21/06/07 14:56:11.000000000','RR/MM/DD HH24:MI:SSXFF'),to_timestamp('21/06/07 14:56:11.000000000','RR/MM/DD HH24:MI:SSXFF'));
Insert into XE.TBL_MEMBER (USER_ID,USER_PW,USER_NAME,EMAIL,POINT,ENABLED,LEVELS,REG_DATE,UPDATE_DATE) values ('user27','1234','사용자27','user@test.com',0,1,'ROLE_USER',to_timestamp('21/06/07 14:56:12.000000000','RR/MM/DD HH24:MI:SSXFF'),to_timestamp('21/06/07 14:56:12.000000000','RR/MM/DD HH24:MI:SSXFF'));
Insert into XE.TBL_MEMBER (USER_ID,USER_PW,USER_NAME,EMAIL,POINT,ENABLED,LEVELS,REG_DATE,UPDATE_DATE) values ('user28','1234','사용자28','user@test.com',0,1,'ROLE_USER',to_timestamp('21/06/07 14:56:13.000000000','RR/MM/DD HH24:MI:SSXFF'),to_timestamp('21/06/07 14:56:13.000000000','RR/MM/DD HH24:MI:SSXFF'));
Insert into XE.TBL_MEMBER (USER_ID,USER_PW,USER_NAME,EMAIL,POINT,ENABLED,LEVELS,REG_DATE,UPDATE_DATE) values ('user29','1234','사용자29','user@test.com',0,1,'ROLE_USER',to_timestamp('21/06/07 14:56:14.000000000','RR/MM/DD HH24:MI:SSXFF'),to_timestamp('21/06/07 14:56:14.000000000','RR/MM/DD HH24:MI:SSXFF'));
Insert into XE.TBL_MEMBER (USER_ID,USER_PW,USER_NAME,EMAIL,POINT,ENABLED,LEVELS,REG_DATE,UPDATE_DATE) values ('user30','1234','사용자30','user@test.com',0,1,'ROLE_USER',to_timestamp('21/06/07 14:56:15.000000000','RR/MM/DD HH24:MI:SSXFF'),to_timestamp('21/06/07 14:56:15.000000000','RR/MM/DD HH24:MI:SSXFF'));
Insert into XE.TBL_MEMBER (USER_ID,USER_PW,USER_NAME,EMAIL,POINT,ENABLED,LEVELS,REG_DATE,UPDATE_DATE) values ('user31','1234','사용자31','user@test.com',0,1,'ROLE_USER',to_timestamp('21/06/07 14:56:16.000000000','RR/MM/DD HH24:MI:SSXFF'),to_timestamp('21/06/07 14:56:16.000000000','RR/MM/DD HH24:MI:SSXFF'));
Insert into XE.TBL_MEMBER (USER_ID,USER_PW,USER_NAME,EMAIL,POINT,ENABLED,LEVELS,REG_DATE,UPDATE_DATE) values ('user32','1234','사용자32','user@test.com',0,1,'ROLE_USER',to_timestamp('21/06/07 14:56:17.000000000','RR/MM/DD HH24:MI:SSXFF'),to_timestamp('21/06/07 14:56:17.000000000','RR/MM/DD HH24:MI:SSXFF'));
Insert into XE.TBL_MEMBER (USER_ID,USER_PW,USER_NAME,EMAIL,POINT,ENABLED,LEVELS,REG_DATE,UPDATE_DATE) values ('user33','1234','사용자33','user@test.com',0,1,'ROLE_USER',to_timestamp('21/06/07 14:56:18.000000000','RR/MM/DD HH24:MI:SSXFF'),to_timestamp('21/06/07 14:56:18.000000000','RR/MM/DD HH24:MI:SSXFF'));
Insert into XE.TBL_MEMBER (USER_ID,USER_PW,USER_NAME,EMAIL,POINT,ENABLED,LEVELS,REG_DATE,UPDATE_DATE) values ('user34','1234','사용자34','user@test.com',0,1,'ROLE_USER',to_timestamp('21/06/07 14:56:19.000000000','RR/MM/DD HH24:MI:SSXFF'),to_timestamp('21/06/07 14:56:19.000000000','RR/MM/DD HH24:MI:SSXFF'));
Insert into XE.TBL_MEMBER (USER_ID,USER_PW,USER_NAME,EMAIL,POINT,ENABLED,LEVELS,REG_DATE,UPDATE_DATE) values ('user35','1234','사용자35','user@test.com',0,1,'ROLE_USER',to_timestamp('21/06/07 14:56:20.000000000','RR/MM/DD HH24:MI:SSXFF'),to_timestamp('21/06/07 14:56:20.000000000','RR/MM/DD HH24:MI:SSXFF'));
Insert into XE.TBL_MEMBER (USER_ID,USER_PW,USER_NAME,EMAIL,POINT,ENABLED,LEVELS,REG_DATE,UPDATE_DATE) values ('user36','1234','사용자36','user@test.com',0,1,'ROLE_USER',to_timestamp('21/06/07 14:56:21.000000000','RR/MM/DD HH24:MI:SSXFF'),to_timestamp('21/06/07 14:56:21.000000000','RR/MM/DD HH24:MI:SSXFF'));
Insert into XE.TBL_MEMBER (USER_ID,USER_PW,USER_NAME,EMAIL,POINT,ENABLED,LEVELS,REG_DATE,UPDATE_DATE) values ('user37','1234','사용자37','user@test.com',0,1,'ROLE_USER',to_timestamp('21/06/07 14:56:22.000000000','RR/MM/DD HH24:MI:SSXFF'),to_timestamp('21/06/07 14:56:22.000000000','RR/MM/DD HH24:MI:SSXFF'));
Insert into XE.TBL_MEMBER (USER_ID,USER_PW,USER_NAME,EMAIL,POINT,ENABLED,LEVELS,REG_DATE,UPDATE_DATE) values ('user38','1234','사용자38','user@test.com',0,1,'ROLE_USER',to_timestamp('21/06/07 14:56:23.000000000','RR/MM/DD HH24:MI:SSXFF'),to_timestamp('21/06/07 14:56:23.000000000','RR/MM/DD HH24:MI:SSXFF'));
Insert into XE.TBL_MEMBER (USER_ID,USER_PW,USER_NAME,EMAIL,POINT,ENABLED,LEVELS,REG_DATE,UPDATE_DATE) values ('user39','1234','사용자39','user@test.com',0,1,'ROLE_USER',to_timestamp('21/06/07 14:56:24.000000000','RR/MM/DD HH24:MI:SSXFF'),to_timestamp('21/06/07 14:56:24.000000000','RR/MM/DD HH24:MI:SSXFF'));
Insert into XE.TBL_MEMBER (USER_ID,USER_PW,USER_NAME,EMAIL,POINT,ENABLED,LEVELS,REG_DATE,UPDATE_DATE) values ('user40','1234','사용자40','user@test.com',0,1,'ROLE_USER',to_timestamp('21/06/07 14:56:25.000000000','RR/MM/DD HH24:MI:SSXFF'),to_timestamp('21/06/07 14:56:25.000000000','RR/MM/DD HH24:MI:SSXFF'));
Insert into XE.TBL_MEMBER (USER_ID,USER_PW,USER_NAME,EMAIL,POINT,ENABLED,LEVELS,REG_DATE,UPDATE_DATE) values ('user41','1234','사용자41','user@test.com',0,1,'ROLE_USER',to_timestamp('21/06/07 14:56:26.000000000','RR/MM/DD HH24:MI:SSXFF'),to_timestamp('21/06/07 14:56:26.000000000','RR/MM/DD HH24:MI:SSXFF'));
Insert into XE.TBL_MEMBER (USER_ID,USER_PW,USER_NAME,EMAIL,POINT,ENABLED,LEVELS,REG_DATE,UPDATE_DATE) values ('user42','1234','사용자42','user@test.com',0,1,'ROLE_USER',to_timestamp('21/06/07 14:56:27.000000000','RR/MM/DD HH24:MI:SSXFF'),to_timestamp('21/06/07 14:56:27.000000000','RR/MM/DD HH24:MI:SSXFF'));
Insert into XE.TBL_MEMBER (USER_ID,USER_PW,USER_NAME,EMAIL,POINT,ENABLED,LEVELS,REG_DATE,UPDATE_DATE) values ('user43','1234','사용자43','user@test.com',0,1,'ROLE_USER',to_timestamp('21/06/07 14:56:28.000000000','RR/MM/DD HH24:MI:SSXFF'),to_timestamp('21/06/07 14:56:28.000000000','RR/MM/DD HH24:MI:SSXFF'));
Insert into XE.TBL_MEMBER (USER_ID,USER_PW,USER_NAME,EMAIL,POINT,ENABLED,LEVELS,REG_DATE,UPDATE_DATE) values ('user44','1234','사용자44','user@test.com',0,1,'ROLE_USER',to_timestamp('21/06/07 14:56:29.000000000','RR/MM/DD HH24:MI:SSXFF'),to_timestamp('21/06/07 14:56:29.000000000','RR/MM/DD HH24:MI:SSXFF'));
Insert into XE.TBL_MEMBER (USER_ID,USER_PW,USER_NAME,EMAIL,POINT,ENABLED,LEVELS,REG_DATE,UPDATE_DATE) values ('user45','1234','사용자45','user@test.com',0,1,'ROLE_USER',to_timestamp('21/06/07 14:56:30.000000000','RR/MM/DD HH24:MI:SSXFF'),to_timestamp('21/06/07 14:56:30.000000000','RR/MM/DD HH24:MI:SSXFF'));
Insert into XE.TBL_MEMBER (USER_ID,USER_PW,USER_NAME,EMAIL,POINT,ENABLED,LEVELS,REG_DATE,UPDATE_DATE) values ('user46','1234','사용자46','user@test.com',0,1,'ROLE_USER',to_timestamp('21/06/07 14:56:31.000000000','RR/MM/DD HH24:MI:SSXFF'),to_timestamp('21/06/07 14:56:31.000000000','RR/MM/DD HH24:MI:SSXFF'));
Insert into XE.TBL_MEMBER (USER_ID,USER_PW,USER_NAME,EMAIL,POINT,ENABLED,LEVELS,REG_DATE,UPDATE_DATE) values ('user47','1234','사용자47','user@test.com',0,1,'ROLE_USER',to_timestamp('21/06/07 14:56:32.000000000','RR/MM/DD HH24:MI:SSXFF'),to_timestamp('21/06/07 14:56:32.000000000','RR/MM/DD HH24:MI:SSXFF'));
Insert into XE.TBL_MEMBER (USER_ID,USER_PW,USER_NAME,EMAIL,POINT,ENABLED,LEVELS,REG_DATE,UPDATE_DATE) values ('user48','1234','사용자48','user@test.com',0,1,'ROLE_USER',to_timestamp('21/06/07 14:56:33.000000000','RR/MM/DD HH24:MI:SSXFF'),to_timestamp('21/06/07 14:56:33.000000000','RR/MM/DD HH24:MI:SSXFF'));
Insert into XE.TBL_MEMBER (USER_ID,USER_PW,USER_NAME,EMAIL,POINT,ENABLED,LEVELS,REG_DATE,UPDATE_DATE) values ('user49','1234','사용자49','user@test.com',0,1,'ROLE_USER',to_timestamp('21/06/07 14:56:34.000000000','RR/MM/DD HH24:MI:SSXFF'),to_timestamp('21/06/07 14:56:34.000000000','RR/MM/DD HH24:MI:SSXFF'));
Insert into XE.TBL_MEMBER (USER_ID,USER_PW,USER_NAME,EMAIL,POINT,ENABLED,LEVELS,REG_DATE,UPDATE_DATE) values ('user50','1234','사용자50','user@test.com',0,1,'ROLE_USER',to_timestamp('21/06/07 14:56:35.000000000','RR/MM/DD HH24:MI:SSXFF'),to_timestamp('21/06/07 14:56:35.000000000','RR/MM/DD HH24:MI:SSXFF'));
Insert into XE.TBL_MEMBER (USER_ID,USER_PW,USER_NAME,EMAIL,POINT,ENABLED,LEVELS,REG_DATE,UPDATE_DATE) values ('user51','1234','사용자51','user@test.com',0,1,'ROLE_USER',to_timestamp('21/06/07 14:56:36.000000000','RR/MM/DD HH24:MI:SSXFF'),to_timestamp('21/06/07 14:56:36.000000000','RR/MM/DD HH24:MI:SSXFF'));
Insert into XE.TBL_MEMBER (USER_ID,USER_PW,USER_NAME,EMAIL,POINT,ENABLED,LEVELS,REG_DATE,UPDATE_DATE) values ('user52','1234','사용자52','user@test.com',0,1,'ROLE_USER',to_timestamp('21/06/07 14:56:37.000000000','RR/MM/DD HH24:MI:SSXFF'),to_timestamp('21/06/07 14:56:37.000000000','RR/MM/DD HH24:MI:SSXFF'));
Insert into XE.TBL_MEMBER (USER_ID,USER_PW,USER_NAME,EMAIL,POINT,ENABLED,LEVELS,REG_DATE,UPDATE_DATE) values ('user53','1234','사용자53','user@test.com',0,1,'ROLE_USER',to_timestamp('21/06/07 14:56:38.000000000','RR/MM/DD HH24:MI:SSXFF'),to_timestamp('21/06/07 14:56:38.000000000','RR/MM/DD HH24:MI:SSXFF'));
Insert into XE.TBL_MEMBER (USER_ID,USER_PW,USER_NAME,EMAIL,POINT,ENABLED,LEVELS,REG_DATE,UPDATE_DATE) values ('user54','1234','사용자54','user@test.com',0,1,'ROLE_USER',to_timestamp('21/06/07 14:56:39.000000000','RR/MM/DD HH24:MI:SSXFF'),to_timestamp('21/06/07 14:56:39.000000000','RR/MM/DD HH24:MI:SSXFF'));
Insert into XE.TBL_MEMBER (USER_ID,USER_PW,USER_NAME,EMAIL,POINT,ENABLED,LEVELS,REG_DATE,UPDATE_DATE) values ('user55','1234','사용자55','user@test.com',0,1,'ROLE_USER',to_timestamp('21/06/07 14:56:40.000000000','RR/MM/DD HH24:MI:SSXFF'),to_timestamp('21/06/07 14:56:40.000000000','RR/MM/DD HH24:MI:SSXFF'));
Insert into XE.TBL_MEMBER (USER_ID,USER_PW,USER_NAME,EMAIL,POINT,ENABLED,LEVELS,REG_DATE,UPDATE_DATE) values ('user56','1234','사용자56','user@test.com',0,1,'ROLE_USER',to_timestamp('21/06/07 14:56:41.000000000','RR/MM/DD HH24:MI:SSXFF'),to_timestamp('21/06/07 14:56:41.000000000','RR/MM/DD HH24:MI:SSXFF'));
Insert into XE.TBL_MEMBER (USER_ID,USER_PW,USER_NAME,EMAIL,POINT,ENABLED,LEVELS,REG_DATE,UPDATE_DATE) values ('user57','1234','사용자57','user@test.com',0,1,'ROLE_USER',to_timestamp('21/06/07 14:56:42.000000000','RR/MM/DD HH24:MI:SSXFF'),to_timestamp('21/06/07 14:56:42.000000000','RR/MM/DD HH24:MI:SSXFF'));
Insert into XE.TBL_MEMBER (USER_ID,USER_PW,USER_NAME,EMAIL,POINT,ENABLED,LEVELS,REG_DATE,UPDATE_DATE) values ('user58','1234','사용자58','user@test.com',0,1,'ROLE_USER',to_timestamp('21/06/07 14:56:43.000000000','RR/MM/DD HH24:MI:SSXFF'),to_timestamp('21/06/07 14:56:43.000000000','RR/MM/DD HH24:MI:SSXFF'));
Insert into XE.TBL_MEMBER (USER_ID,USER_PW,USER_NAME,EMAIL,POINT,ENABLED,LEVELS,REG_DATE,UPDATE_DATE) values ('user59','1234','사용자59','user@test.com',0,1,'ROLE_USER',to_timestamp('21/06/07 14:56:44.000000000','RR/MM/DD HH24:MI:SSXFF'),to_timestamp('21/06/07 14:56:44.000000000','RR/MM/DD HH24:MI:SSXFF'));
Insert into XE.TBL_MEMBER (USER_ID,USER_PW,USER_NAME,EMAIL,POINT,ENABLED,LEVELS,REG_DATE,UPDATE_DATE) values ('user60','1234','사용자60','user@test.com',0,1,'ROLE_USER',to_timestamp('21/06/07 14:56:45.000000000','RR/MM/DD HH24:MI:SSXFF'),to_timestamp('21/06/07 14:56:45.000000000','RR/MM/DD HH24:MI:SSXFF'));
Insert into XE.TBL_MEMBER (USER_ID,USER_PW,USER_NAME,EMAIL,POINT,ENABLED,LEVELS,REG_DATE,UPDATE_DATE) values ('user61','1234','사용자61','user@test.com',0,1,'ROLE_USER',to_timestamp('21/06/07 14:56:46.000000000','RR/MM/DD HH24:MI:SSXFF'),to_timestamp('21/06/07 14:56:46.000000000','RR/MM/DD HH24:MI:SSXFF'));
Insert into XE.TBL_MEMBER (USER_ID,USER_PW,USER_NAME,EMAIL,POINT,ENABLED,LEVELS,REG_DATE,UPDATE_DATE) values ('user62','1234','사용자62','user@test.com',0,1,'ROLE_USER',to_timestamp('21/06/07 14:56:47.000000000','RR/MM/DD HH24:MI:SSXFF'),to_timestamp('21/06/07 14:56:47.000000000','RR/MM/DD HH24:MI:SSXFF'));
Insert into XE.TBL_MEMBER (USER_ID,USER_PW,USER_NAME,EMAIL,POINT,ENABLED,LEVELS,REG_DATE,UPDATE_DATE) values ('user63','1234','사용자63','user@test.com',0,1,'ROLE_USER',to_timestamp('21/06/07 14:56:48.000000000','RR/MM/DD HH24:MI:SSXFF'),to_timestamp('21/06/07 14:56:48.000000000','RR/MM/DD HH24:MI:SSXFF'));
Insert into XE.TBL_MEMBER (USER_ID,USER_PW,USER_NAME,EMAIL,POINT,ENABLED,LEVELS,REG_DATE,UPDATE_DATE) values ('user64','1234','사용자64','user@test.com',0,1,'ROLE_USER',to_timestamp('21/06/07 14:56:49.000000000','RR/MM/DD HH24:MI:SSXFF'),to_timestamp('21/06/07 14:56:49.000000000','RR/MM/DD HH24:MI:SSXFF'));
Insert into XE.TBL_MEMBER (USER_ID,USER_PW,USER_NAME,EMAIL,POINT,ENABLED,LEVELS,REG_DATE,UPDATE_DATE) values ('user65','1234','사용자65','user@test.com',0,1,'ROLE_USER',to_timestamp('21/06/07 14:56:50.000000000','RR/MM/DD HH24:MI:SSXFF'),to_timestamp('21/06/07 14:56:50.000000000','RR/MM/DD HH24:MI:SSXFF'));
Insert into XE.TBL_MEMBER (USER_ID,USER_PW,USER_NAME,EMAIL,POINT,ENABLED,LEVELS,REG_DATE,UPDATE_DATE) values ('user66','1234','사용자66','user@test.com',0,1,'ROLE_USER',to_timestamp('21/06/07 14:56:51.000000000','RR/MM/DD HH24:MI:SSXFF'),to_timestamp('21/06/07 14:56:51.000000000','RR/MM/DD HH24:MI:SSXFF'));
Insert into XE.TBL_MEMBER (USER_ID,USER_PW,USER_NAME,EMAIL,POINT,ENABLED,LEVELS,REG_DATE,UPDATE_DATE) values ('user67','1234','사용자67','user@test.com',0,1,'ROLE_USER',to_timestamp('21/06/07 14:56:52.000000000','RR/MM/DD HH24:MI:SSXFF'),to_timestamp('21/06/07 14:56:52.000000000','RR/MM/DD HH24:MI:SSXFF'));
Insert into XE.TBL_MEMBER (USER_ID,USER_PW,USER_NAME,EMAIL,POINT,ENABLED,LEVELS,REG_DATE,UPDATE_DATE) values ('user68','1234','사용자68','user@test.com',0,1,'ROLE_USER',to_timestamp('21/06/07 14:56:53.000000000','RR/MM/DD HH24:MI:SSXFF'),to_timestamp('21/06/07 14:56:53.000000000','RR/MM/DD HH24:MI:SSXFF'));
Insert into XE.TBL_MEMBER (USER_ID,USER_PW,USER_NAME,EMAIL,POINT,ENABLED,LEVELS,REG_DATE,UPDATE_DATE) values ('user69','1234','사용자69','user@test.com',0,1,'ROLE_USER',to_timestamp('21/06/07 14:56:54.000000000','RR/MM/DD HH24:MI:SSXFF'),to_timestamp('21/06/07 14:56:54.000000000','RR/MM/DD HH24:MI:SSXFF'));
Insert into XE.TBL_MEMBER (USER_ID,USER_PW,USER_NAME,EMAIL,POINT,ENABLED,LEVELS,REG_DATE,UPDATE_DATE) values ('user70','1234','사용자70','user@test.com',0,1,'ROLE_USER',to_timestamp('21/06/07 14:56:55.000000000','RR/MM/DD HH24:MI:SSXFF'),to_timestamp('21/06/07 14:56:55.000000000','RR/MM/DD HH24:MI:SSXFF'));
Insert into XE.TBL_MEMBER (USER_ID,USER_PW,USER_NAME,EMAIL,POINT,ENABLED,LEVELS,REG_DATE,UPDATE_DATE) values ('user71','1234','사용자71','user@test.com',0,1,'ROLE_USER',to_timestamp('21/06/07 14:56:56.000000000','RR/MM/DD HH24:MI:SSXFF'),to_timestamp('21/06/07 14:56:56.000000000','RR/MM/DD HH24:MI:SSXFF'));
Insert into XE.TBL_MEMBER (USER_ID,USER_PW,USER_NAME,EMAIL,POINT,ENABLED,LEVELS,REG_DATE,UPDATE_DATE) values ('user72','1234','사용자72','user@test.com',0,1,'ROLE_USER',to_timestamp('21/06/07 14:56:57.000000000','RR/MM/DD HH24:MI:SSXFF'),to_timestamp('21/06/07 14:56:57.000000000','RR/MM/DD HH24:MI:SSXFF'));
Insert into XE.TBL_MEMBER (USER_ID,USER_PW,USER_NAME,EMAIL,POINT,ENABLED,LEVELS,REG_DATE,UPDATE_DATE) values ('user73','1234','사용자73','user@test.com',0,1,'ROLE_USER',to_timestamp('21/06/07 14:56:58.000000000','RR/MM/DD HH24:MI:SSXFF'),to_timestamp('21/06/07 14:56:58.000000000','RR/MM/DD HH24:MI:SSXFF'));
Insert into XE.TBL_MEMBER (USER_ID,USER_PW,USER_NAME,EMAIL,POINT,ENABLED,LEVELS,REG_DATE,UPDATE_DATE) values ('user74','1234','사용자74','user@test.com',0,1,'ROLE_USER',to_timestamp('21/06/07 14:56:59.000000000','RR/MM/DD HH24:MI:SSXFF'),to_timestamp('21/06/07 14:56:59.000000000','RR/MM/DD HH24:MI:SSXFF'));
Insert into XE.TBL_MEMBER (USER_ID,USER_PW,USER_NAME,EMAIL,POINT,ENABLED,LEVELS,REG_DATE,UPDATE_DATE) values ('user75','1234','사용자75','user@test.com',0,1,'ROLE_USER',to_timestamp('21/06/07 14:57:00.000000000','RR/MM/DD HH24:MI:SSXFF'),to_timestamp('21/06/07 14:57:00.000000000','RR/MM/DD HH24:MI:SSXFF'));
Insert into XE.TBL_MEMBER (USER_ID,USER_PW,USER_NAME,EMAIL,POINT,ENABLED,LEVELS,REG_DATE,UPDATE_DATE) values ('user76','1234','사용자76','user@test.com',0,1,'ROLE_USER',to_timestamp('21/06/07 14:57:01.000000000','RR/MM/DD HH24:MI:SSXFF'),to_timestamp('21/06/07 14:57:01.000000000','RR/MM/DD HH24:MI:SSXFF'));
Insert into XE.TBL_MEMBER (USER_ID,USER_PW,USER_NAME,EMAIL,POINT,ENABLED,LEVELS,REG_DATE,UPDATE_DATE) values ('user77','1234','사용자77','user@test.com',0,1,'ROLE_USER',to_timestamp('21/06/07 14:57:02.000000000','RR/MM/DD HH24:MI:SSXFF'),to_timestamp('21/06/07 14:57:02.000000000','RR/MM/DD HH24:MI:SSXFF'));
Insert into XE.TBL_MEMBER (USER_ID,USER_PW,USER_NAME,EMAIL,POINT,ENABLED,LEVELS,REG_DATE,UPDATE_DATE) values ('user78','1234','사용자78','user@test.com',0,1,'ROLE_USER',to_timestamp('21/06/07 14:57:03.000000000','RR/MM/DD HH24:MI:SSXFF'),to_timestamp('21/06/07 14:57:03.000000000','RR/MM/DD HH24:MI:SSXFF'));
Insert into XE.TBL_MEMBER (USER_ID,USER_PW,USER_NAME,EMAIL,POINT,ENABLED,LEVELS,REG_DATE,UPDATE_DATE) values ('user79','1234','사용자79','user@test.com',0,1,'ROLE_USER',to_timestamp('21/06/07 14:57:04.000000000','RR/MM/DD HH24:MI:SSXFF'),to_timestamp('21/06/07 14:57:04.000000000','RR/MM/DD HH24:MI:SSXFF'));
Insert into XE.TBL_MEMBER (USER_ID,USER_PW,USER_NAME,EMAIL,POINT,ENABLED,LEVELS,REG_DATE,UPDATE_DATE) values ('user80','1234','사용자80','user@test.com',0,1,'ROLE_USER',to_timestamp('21/06/07 14:57:05.000000000','RR/MM/DD HH24:MI:SSXFF'),to_timestamp('21/06/07 14:57:05.000000000','RR/MM/DD HH24:MI:SSXFF'));
Insert into XE.TBL_MEMBER (USER_ID,USER_PW,USER_NAME,EMAIL,POINT,ENABLED,LEVELS,REG_DATE,UPDATE_DATE) values ('user81','1234','사용자81','user@test.com',0,1,'ROLE_USER',to_timestamp('21/06/07 14:57:06.000000000','RR/MM/DD HH24:MI:SSXFF'),to_timestamp('21/06/07 14:57:06.000000000','RR/MM/DD HH24:MI:SSXFF'));
Insert into XE.TBL_MEMBER (USER_ID,USER_PW,USER_NAME,EMAIL,POINT,ENABLED,LEVELS,REG_DATE,UPDATE_DATE) values ('user82','1234','사용자82','user@test.com',0,1,'ROLE_USER',to_timestamp('21/06/07 14:57:07.000000000','RR/MM/DD HH24:MI:SSXFF'),to_timestamp('21/06/07 14:57:07.000000000','RR/MM/DD HH24:MI:SSXFF'));
Insert into XE.TBL_MEMBER (USER_ID,USER_PW,USER_NAME,EMAIL,POINT,ENABLED,LEVELS,REG_DATE,UPDATE_DATE) values ('user83','1234','사용자83','user@test.com',0,1,'ROLE_USER',to_timestamp('21/06/07 14:57:08.000000000','RR/MM/DD HH24:MI:SSXFF'),to_timestamp('21/06/07 14:57:08.000000000','RR/MM/DD HH24:MI:SSXFF'));
Insert into XE.TBL_MEMBER (USER_ID,USER_PW,USER_NAME,EMAIL,POINT,ENABLED,LEVELS,REG_DATE,UPDATE_DATE) values ('user84','1234','사용자84','user@test.com',0,1,'ROLE_USER',to_timestamp('21/06/07 14:57:09.000000000','RR/MM/DD HH24:MI:SSXFF'),to_timestamp('21/06/07 14:57:09.000000000','RR/MM/DD HH24:MI:SSXFF'));
Insert into XE.TBL_MEMBER (USER_ID,USER_PW,USER_NAME,EMAIL,POINT,ENABLED,LEVELS,REG_DATE,UPDATE_DATE) values ('user85','1234','사용자85','user@test.com',0,1,'ROLE_USER',to_timestamp('21/06/07 14:57:10.000000000','RR/MM/DD HH24:MI:SSXFF'),to_timestamp('21/06/07 14:57:10.000000000','RR/MM/DD HH24:MI:SSXFF'));
Insert into XE.TBL_MEMBER (USER_ID,USER_PW,USER_NAME,EMAIL,POINT,ENABLED,LEVELS,REG_DATE,UPDATE_DATE) values ('user86','1234','사용자86','user@test.com',0,1,'ROLE_USER',to_timestamp('21/06/07 14:57:11.000000000','RR/MM/DD HH24:MI:SSXFF'),to_timestamp('21/06/07 14:57:11.000000000','RR/MM/DD HH24:MI:SSXFF'));
Insert into XE.TBL_MEMBER (USER_ID,USER_PW,USER_NAME,EMAIL,POINT,ENABLED,LEVELS,REG_DATE,UPDATE_DATE) values ('user87','1234','사용자87','user@test.com',0,1,'ROLE_USER',to_timestamp('21/06/07 14:57:12.000000000','RR/MM/DD HH24:MI:SSXFF'),to_timestamp('21/06/07 14:57:12.000000000','RR/MM/DD HH24:MI:SSXFF'));
Insert into XE.TBL_MEMBER (USER_ID,USER_PW,USER_NAME,EMAIL,POINT,ENABLED,LEVELS,REG_DATE,UPDATE_DATE) values ('user88','1234','사용자88','user@test.com',0,1,'ROLE_USER',to_timestamp('21/06/07 14:57:13.000000000','RR/MM/DD HH24:MI:SSXFF'),to_timestamp('21/06/07 14:57:13.000000000','RR/MM/DD HH24:MI:SSXFF'));
Insert into XE.TBL_MEMBER (USER_ID,USER_PW,USER_NAME,EMAIL,POINT,ENABLED,LEVELS,REG_DATE,UPDATE_DATE) values ('user89','1234','사용자89','user@test.com',0,1,'ROLE_USER',to_timestamp('21/06/07 14:57:14.000000000','RR/MM/DD HH24:MI:SSXFF'),to_timestamp('21/06/07 14:57:14.000000000','RR/MM/DD HH24:MI:SSXFF'));
Insert into XE.TBL_MEMBER (USER_ID,USER_PW,USER_NAME,EMAIL,POINT,ENABLED,LEVELS,REG_DATE,UPDATE_DATE) values ('user90','1234','사용자90','user@test.com',0,1,'ROLE_USER',to_timestamp('21/06/07 14:57:15.000000000','RR/MM/DD HH24:MI:SSXFF'),to_timestamp('21/06/07 14:57:15.000000000','RR/MM/DD HH24:MI:SSXFF'));
Insert into XE.TBL_MEMBER (USER_ID,USER_PW,USER_NAME,EMAIL,POINT,ENABLED,LEVELS,REG_DATE,UPDATE_DATE) values ('user91','1234','사용자91','user@test.com',0,1,'ROLE_USER',to_timestamp('21/06/07 14:57:16.000000000','RR/MM/DD HH24:MI:SSXFF'),to_timestamp('21/06/07 14:57:16.000000000','RR/MM/DD HH24:MI:SSXFF'));
Insert into XE.TBL_MEMBER (USER_ID,USER_PW,USER_NAME,EMAIL,POINT,ENABLED,LEVELS,REG_DATE,UPDATE_DATE) values ('user92','1234','사용자92','user@test.com',0,1,'ROLE_USER',to_timestamp('21/06/07 14:57:17.000000000','RR/MM/DD HH24:MI:SSXFF'),to_timestamp('21/06/07 14:57:17.000000000','RR/MM/DD HH24:MI:SSXFF'));
Insert into XE.TBL_MEMBER (USER_ID,USER_PW,USER_NAME,EMAIL,POINT,ENABLED,LEVELS,REG_DATE,UPDATE_DATE) values ('user93','1234','사용자93','user@test.com',0,1,'ROLE_USER',to_timestamp('21/06/07 14:57:18.000000000','RR/MM/DD HH24:MI:SSXFF'),to_timestamp('21/06/07 14:57:18.000000000','RR/MM/DD HH24:MI:SSXFF'));
REM INSERTING into XE.TBL_REPLY
SET DEFINE OFF;
REM INSERTING into XE.APEX$_ACL
SET DEFINE OFF;
REM INSERTING into XE.APEX$_WS_FILES
SET DEFINE OFF;
REM INSERTING into XE.APEX$_WS_HISTORY
SET DEFINE OFF;
REM INSERTING into XE.APEX$_WS_LINKS
SET DEFINE OFF;
REM INSERTING into XE.APEX$_WS_NOTES
SET DEFINE OFF;
REM INSERTING into XE.APEX$_WS_ROWS
SET DEFINE OFF;
REM INSERTING into XE.APEX$_WS_TAGS
SET DEFINE OFF;
REM INSERTING into XE.APEX$_WS_WEBPG_SECTIONS
SET DEFINE OFF;
REM INSERTING into XE.APEX$_WS_WEBPG_SECTION_HISTORY
SET DEFINE OFF;
REM INSERTING into XE.DEMO_CUSTOMERS
SET DEFINE OFF;
Insert into XE.DEMO_CUSTOMERS (CUSTOMER_ID,CUST_FIRST_NAME,CUST_LAST_NAME,CUST_STREET_ADDRESS1,CUST_STREET_ADDRESS2,CUST_CITY,CUST_STATE,CUST_POSTAL_CODE,PHONE_NUMBER1,PHONE_NUMBER2,CREDIT_LIMIT,CUST_EMAIL) values (1,'John','Dulles','45020 Aviation Drive',null,'Sterling','VA','20166','703-555-2143',null,1000,null);
Insert into XE.DEMO_CUSTOMERS (CUSTOMER_ID,CUST_FIRST_NAME,CUST_LAST_NAME,CUST_STREET_ADDRESS1,CUST_STREET_ADDRESS2,CUST_CITY,CUST_STATE,CUST_POSTAL_CODE,PHONE_NUMBER1,PHONE_NUMBER2,CREDIT_LIMIT,CUST_EMAIL) values (2,'William','Hartsfield','6000 North Terminal Parkway',null,'Atlanta','GA','30320','404-555-3285',null,1000,null);
Insert into XE.DEMO_CUSTOMERS (CUSTOMER_ID,CUST_FIRST_NAME,CUST_LAST_NAME,CUST_STREET_ADDRESS1,CUST_STREET_ADDRESS2,CUST_CITY,CUST_STATE,CUST_POSTAL_CODE,PHONE_NUMBER1,PHONE_NUMBER2,CREDIT_LIMIT,CUST_EMAIL) values (3,'Edward','Logan','1 Harborside Drive',null,'East Boston','MA','02128','617-555-3295',null,1000,null);
Insert into XE.DEMO_CUSTOMERS (CUSTOMER_ID,CUST_FIRST_NAME,CUST_LAST_NAME,CUST_STREET_ADDRESS1,CUST_STREET_ADDRESS2,CUST_CITY,CUST_STATE,CUST_POSTAL_CODE,PHONE_NUMBER1,PHONE_NUMBER2,CREDIT_LIMIT,CUST_EMAIL) values (4,'Edward "Butch"','OHare','10000 West OHare',null,'Chicago','IL','60666','773-555-7693',null,1000,null);
Insert into XE.DEMO_CUSTOMERS (CUSTOMER_ID,CUST_FIRST_NAME,CUST_LAST_NAME,CUST_STREET_ADDRESS1,CUST_STREET_ADDRESS2,CUST_CITY,CUST_STATE,CUST_POSTAL_CODE,PHONE_NUMBER1,PHONE_NUMBER2,CREDIT_LIMIT,CUST_EMAIL) values (5,'Fiorello','LaGuardia','Hangar Center','Third Floor','Flushing','NY','11371','212-555-3923',null,1000,null);
Insert into XE.DEMO_CUSTOMERS (CUSTOMER_ID,CUST_FIRST_NAME,CUST_LAST_NAME,CUST_STREET_ADDRESS1,CUST_STREET_ADDRESS2,CUST_CITY,CUST_STATE,CUST_POSTAL_CODE,PHONE_NUMBER1,PHONE_NUMBER2,CREDIT_LIMIT,CUST_EMAIL) values (6,'Albert','Lambert','10701 Lambert International Blvd.',null,'St. Louis','MO','63145','314-555-4022',null,1000,null);
Insert into XE.DEMO_CUSTOMERS (CUSTOMER_ID,CUST_FIRST_NAME,CUST_LAST_NAME,CUST_STREET_ADDRESS1,CUST_STREET_ADDRESS2,CUST_CITY,CUST_STATE,CUST_POSTAL_CODE,PHONE_NUMBER1,PHONE_NUMBER2,CREDIT_LIMIT,CUST_EMAIL) values (7,'Eugene','Bradley','Schoephoester Road',null,'Windsor Locks','CT','06096','860-555-1835',null,1000,null);
REM INSERTING into XE.DEMO_ORDERS
SET DEFINE OFF;
Insert into XE.DEMO_ORDERS (ORDER_ID,CUSTOMER_ID,ORDER_TOTAL,ORDER_TIMESTAMP,USER_ID) values (1,7,1890,to_date('21/05/27','RR/MM/DD'),2);
Insert into XE.DEMO_ORDERS (ORDER_ID,CUSTOMER_ID,ORDER_TOTAL,ORDER_TIMESTAMP,USER_ID) values (2,1,2380,to_date('21/05/24','RR/MM/DD'),2);
Insert into XE.DEMO_ORDERS (ORDER_ID,CUSTOMER_ID,ORDER_TOTAL,ORDER_TIMESTAMP,USER_ID) values (3,2,1640,to_date('21/05/18','RR/MM/DD'),2);
Insert into XE.DEMO_ORDERS (ORDER_ID,CUSTOMER_ID,ORDER_TOTAL,ORDER_TIMESTAMP,USER_ID) values (4,5,1090,to_date('21/05/10','RR/MM/DD'),2);
Insert into XE.DEMO_ORDERS (ORDER_ID,CUSTOMER_ID,ORDER_TOTAL,ORDER_TIMESTAMP,USER_ID) values (5,6,950,to_date('21/05/05','RR/MM/DD'),2);
Insert into XE.DEMO_ORDERS (ORDER_ID,CUSTOMER_ID,ORDER_TOTAL,ORDER_TIMESTAMP,USER_ID) values (6,3,1515,to_date('21/04/30','RR/MM/DD'),2);
Insert into XE.DEMO_ORDERS (ORDER_ID,CUSTOMER_ID,ORDER_TOTAL,ORDER_TIMESTAMP,USER_ID) values (7,3,905,to_date('21/04/20','RR/MM/DD'),2);
Insert into XE.DEMO_ORDERS (ORDER_ID,CUSTOMER_ID,ORDER_TOTAL,ORDER_TIMESTAMP,USER_ID) values (8,4,1060,to_date('21/04/18','RR/MM/DD'),2);
Insert into XE.DEMO_ORDERS (ORDER_ID,CUSTOMER_ID,ORDER_TOTAL,ORDER_TIMESTAMP,USER_ID) values (9,2,730,to_date('21/04/07','RR/MM/DD'),2);
Insert into XE.DEMO_ORDERS (ORDER_ID,CUSTOMER_ID,ORDER_TOTAL,ORDER_TIMESTAMP,USER_ID) values (10,7,870,to_date('21/03/24','RR/MM/DD'),2);
REM INSERTING into XE.DEMO_ORDER_ITEMS
SET DEFINE OFF;
Insert into XE.DEMO_ORDER_ITEMS (ORDER_ITEM_ID,ORDER_ID,PRODUCT_ID,UNIT_PRICE,QUANTITY) values (1,1,1,50,10);
Insert into XE.DEMO_ORDER_ITEMS (ORDER_ITEM_ID,ORDER_ID,PRODUCT_ID,UNIT_PRICE,QUANTITY) values (2,1,2,80,8);
Insert into XE.DEMO_ORDER_ITEMS (ORDER_ITEM_ID,ORDER_ID,PRODUCT_ID,UNIT_PRICE,QUANTITY) values (3,1,3,150,5);
Insert into XE.DEMO_ORDER_ITEMS (ORDER_ITEM_ID,ORDER_ID,PRODUCT_ID,UNIT_PRICE,QUANTITY) values (4,2,1,50,3);
Insert into XE.DEMO_ORDER_ITEMS (ORDER_ITEM_ID,ORDER_ID,PRODUCT_ID,UNIT_PRICE,QUANTITY) values (5,2,2,80,3);
Insert into XE.DEMO_ORDER_ITEMS (ORDER_ITEM_ID,ORDER_ID,PRODUCT_ID,UNIT_PRICE,QUANTITY) values (6,2,3,150,3);
Insert into XE.DEMO_ORDER_ITEMS (ORDER_ITEM_ID,ORDER_ID,PRODUCT_ID,UNIT_PRICE,QUANTITY) values (7,2,4,60,3);
Insert into XE.DEMO_ORDER_ITEMS (ORDER_ITEM_ID,ORDER_ID,PRODUCT_ID,UNIT_PRICE,QUANTITY) values (8,2,5,80,3);
Insert into XE.DEMO_ORDER_ITEMS (ORDER_ITEM_ID,ORDER_ID,PRODUCT_ID,UNIT_PRICE,QUANTITY) values (9,2,6,120,2);
Insert into XE.DEMO_ORDER_ITEMS (ORDER_ITEM_ID,ORDER_ID,PRODUCT_ID,UNIT_PRICE,QUANTITY) values (10,2,7,30,2);
Insert into XE.DEMO_ORDER_ITEMS (ORDER_ITEM_ID,ORDER_ID,PRODUCT_ID,UNIT_PRICE,QUANTITY) values (11,2,8,125,4);
Insert into XE.DEMO_ORDER_ITEMS (ORDER_ITEM_ID,ORDER_ID,PRODUCT_ID,UNIT_PRICE,QUANTITY) values (12,2,9,110,2);
Insert into XE.DEMO_ORDER_ITEMS (ORDER_ITEM_ID,ORDER_ID,PRODUCT_ID,UNIT_PRICE,QUANTITY) values (13,2,10,50,2);
Insert into XE.DEMO_ORDER_ITEMS (ORDER_ITEM_ID,ORDER_ID,PRODUCT_ID,UNIT_PRICE,QUANTITY) values (14,3,4,60,4);
Insert into XE.DEMO_ORDER_ITEMS (ORDER_ITEM_ID,ORDER_ID,PRODUCT_ID,UNIT_PRICE,QUANTITY) values (15,3,5,80,4);
Insert into XE.DEMO_ORDER_ITEMS (ORDER_ITEM_ID,ORDER_ID,PRODUCT_ID,UNIT_PRICE,QUANTITY) values (16,3,6,120,4);
Insert into XE.DEMO_ORDER_ITEMS (ORDER_ITEM_ID,ORDER_ID,PRODUCT_ID,UNIT_PRICE,QUANTITY) values (17,3,8,125,4);
Insert into XE.DEMO_ORDER_ITEMS (ORDER_ITEM_ID,ORDER_ID,PRODUCT_ID,UNIT_PRICE,QUANTITY) values (18,3,10,50,2);
Insert into XE.DEMO_ORDER_ITEMS (ORDER_ITEM_ID,ORDER_ID,PRODUCT_ID,UNIT_PRICE,QUANTITY) values (19,4,6,120,2);
Insert into XE.DEMO_ORDER_ITEMS (ORDER_ITEM_ID,ORDER_ID,PRODUCT_ID,UNIT_PRICE,QUANTITY) values (20,4,7,30,6);
Insert into XE.DEMO_ORDER_ITEMS (ORDER_ITEM_ID,ORDER_ID,PRODUCT_ID,UNIT_PRICE,QUANTITY) values (21,4,8,125,2);
Insert into XE.DEMO_ORDER_ITEMS (ORDER_ITEM_ID,ORDER_ID,PRODUCT_ID,UNIT_PRICE,QUANTITY) values (22,4,9,110,2);
Insert into XE.DEMO_ORDER_ITEMS (ORDER_ITEM_ID,ORDER_ID,PRODUCT_ID,UNIT_PRICE,QUANTITY) values (23,4,10,50,4);
Insert into XE.DEMO_ORDER_ITEMS (ORDER_ITEM_ID,ORDER_ID,PRODUCT_ID,UNIT_PRICE,QUANTITY) values (24,5,1,50,3);
Insert into XE.DEMO_ORDER_ITEMS (ORDER_ITEM_ID,ORDER_ID,PRODUCT_ID,UNIT_PRICE,QUANTITY) values (25,5,2,80,2);
Insert into XE.DEMO_ORDER_ITEMS (ORDER_ITEM_ID,ORDER_ID,PRODUCT_ID,UNIT_PRICE,QUANTITY) values (26,5,3,150,2);
Insert into XE.DEMO_ORDER_ITEMS (ORDER_ITEM_ID,ORDER_ID,PRODUCT_ID,UNIT_PRICE,QUANTITY) values (27,5,4,60,3);
Insert into XE.DEMO_ORDER_ITEMS (ORDER_ITEM_ID,ORDER_ID,PRODUCT_ID,UNIT_PRICE,QUANTITY) values (28,5,5,80,2);
Insert into XE.DEMO_ORDER_ITEMS (ORDER_ITEM_ID,ORDER_ID,PRODUCT_ID,UNIT_PRICE,QUANTITY) values (29,6,3,150,3);
Insert into XE.DEMO_ORDER_ITEMS (ORDER_ITEM_ID,ORDER_ID,PRODUCT_ID,UNIT_PRICE,QUANTITY) values (30,6,6,120,3);
Insert into XE.DEMO_ORDER_ITEMS (ORDER_ITEM_ID,ORDER_ID,PRODUCT_ID,UNIT_PRICE,QUANTITY) values (31,6,8,125,3);
Insert into XE.DEMO_ORDER_ITEMS (ORDER_ITEM_ID,ORDER_ID,PRODUCT_ID,UNIT_PRICE,QUANTITY) values (32,6,9,110,3);
Insert into XE.DEMO_ORDER_ITEMS (ORDER_ITEM_ID,ORDER_ID,PRODUCT_ID,UNIT_PRICE,QUANTITY) values (33,7,1,50,2);
Insert into XE.DEMO_ORDER_ITEMS (ORDER_ITEM_ID,ORDER_ID,PRODUCT_ID,UNIT_PRICE,QUANTITY) values (34,7,2,80,2);
Insert into XE.DEMO_ORDER_ITEMS (ORDER_ITEM_ID,ORDER_ID,PRODUCT_ID,UNIT_PRICE,QUANTITY) values (35,7,4,60,2);
Insert into XE.DEMO_ORDER_ITEMS (ORDER_ITEM_ID,ORDER_ID,PRODUCT_ID,UNIT_PRICE,QUANTITY) values (36,7,5,80,2);
Insert into XE.DEMO_ORDER_ITEMS (ORDER_ITEM_ID,ORDER_ID,PRODUCT_ID,UNIT_PRICE,QUANTITY) values (37,7,7,30,3);
Insert into XE.DEMO_ORDER_ITEMS (ORDER_ITEM_ID,ORDER_ID,PRODUCT_ID,UNIT_PRICE,QUANTITY) values (38,7,8,125,1);
Insert into XE.DEMO_ORDER_ITEMS (ORDER_ITEM_ID,ORDER_ID,PRODUCT_ID,UNIT_PRICE,QUANTITY) values (39,7,10,50,3);
Insert into XE.DEMO_ORDER_ITEMS (ORDER_ITEM_ID,ORDER_ID,PRODUCT_ID,UNIT_PRICE,QUANTITY) values (40,8,2,80,2);
Insert into XE.DEMO_ORDER_ITEMS (ORDER_ITEM_ID,ORDER_ID,PRODUCT_ID,UNIT_PRICE,QUANTITY) values (41,8,3,150,3);
Insert into XE.DEMO_ORDER_ITEMS (ORDER_ITEM_ID,ORDER_ID,PRODUCT_ID,UNIT_PRICE,QUANTITY) values (42,8,6,120,1);
Insert into XE.DEMO_ORDER_ITEMS (ORDER_ITEM_ID,ORDER_ID,PRODUCT_ID,UNIT_PRICE,QUANTITY) values (43,8,9,110,3);
Insert into XE.DEMO_ORDER_ITEMS (ORDER_ITEM_ID,ORDER_ID,PRODUCT_ID,UNIT_PRICE,QUANTITY) values (44,9,4,60,4);
Insert into XE.DEMO_ORDER_ITEMS (ORDER_ITEM_ID,ORDER_ID,PRODUCT_ID,UNIT_PRICE,QUANTITY) values (45,9,5,80,3);
Insert into XE.DEMO_ORDER_ITEMS (ORDER_ITEM_ID,ORDER_ID,PRODUCT_ID,UNIT_PRICE,QUANTITY) values (46,9,8,125,2);
Insert into XE.DEMO_ORDER_ITEMS (ORDER_ITEM_ID,ORDER_ID,PRODUCT_ID,UNIT_PRICE,QUANTITY) values (47,10,1,50,5);
Insert into XE.DEMO_ORDER_ITEMS (ORDER_ITEM_ID,ORDER_ID,PRODUCT_ID,UNIT_PRICE,QUANTITY) values (48,10,2,80,4);
Insert into XE.DEMO_ORDER_ITEMS (ORDER_ITEM_ID,ORDER_ID,PRODUCT_ID,UNIT_PRICE,QUANTITY) values (49,10,3,150,2);
REM INSERTING into XE.DEMO_PRODUCT_INFO
SET DEFINE OFF;
Insert into XE.DEMO_PRODUCT_INFO (PRODUCT_ID,PRODUCT_NAME,PRODUCT_DESCRIPTION,CATEGORY,PRODUCT_AVAIL,LIST_PRICE,MIMETYPE,FILENAME,IMAGE_LAST_UPDATE) values (1,'Business Shirt','Wrinkle-free cotton business shirt','Mens','Y',50,'image/jpeg','shirt.jpg',to_date('21/05/28','RR/MM/DD'));
Insert into XE.DEMO_PRODUCT_INFO (PRODUCT_ID,PRODUCT_NAME,PRODUCT_DESCRIPTION,CATEGORY,PRODUCT_AVAIL,LIST_PRICE,MIMETYPE,FILENAME,IMAGE_LAST_UPDATE) values (2,'Trousers','Black trousers suitable for every business man','Mens','Y',80,'image/jpeg','pants.jpg',to_date('21/05/28','RR/MM/DD'));
Insert into XE.DEMO_PRODUCT_INFO (PRODUCT_ID,PRODUCT_NAME,PRODUCT_DESCRIPTION,CATEGORY,PRODUCT_AVAIL,LIST_PRICE,MIMETYPE,FILENAME,IMAGE_LAST_UPDATE) values (3,'Jacket','Fully lined jacket which is both professional and extremely comfortable to wear','Mens','Y',150,'image/jpeg','jacket.jpg',to_date('21/05/28','RR/MM/DD'));
Insert into XE.DEMO_PRODUCT_INFO (PRODUCT_ID,PRODUCT_NAME,PRODUCT_DESCRIPTION,CATEGORY,PRODUCT_AVAIL,LIST_PRICE,MIMETYPE,FILENAME,IMAGE_LAST_UPDATE) values (4,'Blouse','Silk blouse ideal for all business women','Womens','Y',60,'image/jpeg','blouse.jpg',to_date('21/05/28','RR/MM/DD'));
Insert into XE.DEMO_PRODUCT_INFO (PRODUCT_ID,PRODUCT_NAME,PRODUCT_DESCRIPTION,CATEGORY,PRODUCT_AVAIL,LIST_PRICE,MIMETYPE,FILENAME,IMAGE_LAST_UPDATE) values (5,'Skirt','Wrinkle free skirt','Womens','Y',80,'image/jpeg','skirt.jpg',to_date('21/05/28','RR/MM/DD'));
Insert into XE.DEMO_PRODUCT_INFO (PRODUCT_ID,PRODUCT_NAME,PRODUCT_DESCRIPTION,CATEGORY,PRODUCT_AVAIL,LIST_PRICE,MIMETYPE,FILENAME,IMAGE_LAST_UPDATE) values (6,'Ladies Shoes','Low heel and cushioned interior for comfort and style in simple yet elegant shoes','Womens','Y',120,'image/jpeg','heels.jpg',to_date('21/05/28','RR/MM/DD'));
Insert into XE.DEMO_PRODUCT_INFO (PRODUCT_ID,PRODUCT_NAME,PRODUCT_DESCRIPTION,CATEGORY,PRODUCT_AVAIL,LIST_PRICE,MIMETYPE,FILENAME,IMAGE_LAST_UPDATE) values (7,'Belt','Leather belt','Accessories','Y',30,'image/jpeg','belt.jpg',to_date('21/05/28','RR/MM/DD'));
Insert into XE.DEMO_PRODUCT_INFO (PRODUCT_ID,PRODUCT_NAME,PRODUCT_DESCRIPTION,CATEGORY,PRODUCT_AVAIL,LIST_PRICE,MIMETYPE,FILENAME,IMAGE_LAST_UPDATE) values (8,'Bag','Unisex bag suitable for carrying laptops with room for many additional items','Accessories','Y',125,'image/jpeg','bag.jpg',to_date('21/05/28','RR/MM/DD'));
Insert into XE.DEMO_PRODUCT_INFO (PRODUCT_ID,PRODUCT_NAME,PRODUCT_DESCRIPTION,CATEGORY,PRODUCT_AVAIL,LIST_PRICE,MIMETYPE,FILENAME,IMAGE_LAST_UPDATE) values (9,'Mens Shoes','Leather upper and lower lace up shoes','Mens','Y',110,'image/jpeg','shoes.jpg',to_date('21/05/28','RR/MM/DD'));
Insert into XE.DEMO_PRODUCT_INFO (PRODUCT_ID,PRODUCT_NAME,PRODUCT_DESCRIPTION,CATEGORY,PRODUCT_AVAIL,LIST_PRICE,MIMETYPE,FILENAME,IMAGE_LAST_UPDATE) values (10,'Wallet','Travel wallet suitable for men and women. Several compartments for credit cards, passports and cash','Accessories','Y',50,'image/jpeg','wallet.jpg',to_date('21/05/28','RR/MM/DD'));
REM INSERTING into XE.DEMO_STATES
SET DEFINE OFF;
Insert into XE.DEMO_STATES (ST,STATE_NAME) values ('AK','ALASKA');
Insert into XE.DEMO_STATES (ST,STATE_NAME) values ('AL','ALABAMA');
Insert into XE.DEMO_STATES (ST,STATE_NAME) values ('AR','ARKANSAS');
Insert into XE.DEMO_STATES (ST,STATE_NAME) values ('AZ','ARIZONA');
Insert into XE.DEMO_STATES (ST,STATE_NAME) values ('CA','CALIFORNIA');
Insert into XE.DEMO_STATES (ST,STATE_NAME) values ('CO','COLORADO');
Insert into XE.DEMO_STATES (ST,STATE_NAME) values ('CT','CONNECTICUT');
Insert into XE.DEMO_STATES (ST,STATE_NAME) values ('DC','DISTRICT OF COLUMBIA');
Insert into XE.DEMO_STATES (ST,STATE_NAME) values ('DE','DELAWARE');
Insert into XE.DEMO_STATES (ST,STATE_NAME) values ('FL','FLORIDA');
Insert into XE.DEMO_STATES (ST,STATE_NAME) values ('GA','GEORGIA');
Insert into XE.DEMO_STATES (ST,STATE_NAME) values ('HI','HAWAII');
Insert into XE.DEMO_STATES (ST,STATE_NAME) values ('IA','IOWA');
Insert into XE.DEMO_STATES (ST,STATE_NAME) values ('ID','IDAHO');
Insert into XE.DEMO_STATES (ST,STATE_NAME) values ('IL','ILLINOIS');
Insert into XE.DEMO_STATES (ST,STATE_NAME) values ('IN','INDIANA');
Insert into XE.DEMO_STATES (ST,STATE_NAME) values ('KS','KANSAS');
Insert into XE.DEMO_STATES (ST,STATE_NAME) values ('KY','KENTUCKY');
Insert into XE.DEMO_STATES (ST,STATE_NAME) values ('LA','LOUISIANA');
Insert into XE.DEMO_STATES (ST,STATE_NAME) values ('MA','MASSACHUSETTS');
Insert into XE.DEMO_STATES (ST,STATE_NAME) values ('MD','MARYLAND');
Insert into XE.DEMO_STATES (ST,STATE_NAME) values ('ME','MAINE');
Insert into XE.DEMO_STATES (ST,STATE_NAME) values ('MI','MICHIGAN');
Insert into XE.DEMO_STATES (ST,STATE_NAME) values ('MN','MINNESOTA');
Insert into XE.DEMO_STATES (ST,STATE_NAME) values ('MO','MISSOURI');
Insert into XE.DEMO_STATES (ST,STATE_NAME) values ('MS','MISSISSIPPI');
Insert into XE.DEMO_STATES (ST,STATE_NAME) values ('MT','MONTANA');
Insert into XE.DEMO_STATES (ST,STATE_NAME) values ('NC','NORTH CAROLINA');
Insert into XE.DEMO_STATES (ST,STATE_NAME) values ('ND','NORTH DAKOTA');
Insert into XE.DEMO_STATES (ST,STATE_NAME) values ('NE','NEBRASKA');
Insert into XE.DEMO_STATES (ST,STATE_NAME) values ('NH','NEW HAMPSHIRE');
Insert into XE.DEMO_STATES (ST,STATE_NAME) values ('NJ','NEW JERSEY');
Insert into XE.DEMO_STATES (ST,STATE_NAME) values ('NM','NEW MEXICO');
Insert into XE.DEMO_STATES (ST,STATE_NAME) values ('NV','NEVADA');
Insert into XE.DEMO_STATES (ST,STATE_NAME) values ('NY','NEW YORK');
Insert into XE.DEMO_STATES (ST,STATE_NAME) values ('OH','OHIO');
Insert into XE.DEMO_STATES (ST,STATE_NAME) values ('OK','OKLAHOMA');
Insert into XE.DEMO_STATES (ST,STATE_NAME) values ('OR','OREGON');
Insert into XE.DEMO_STATES (ST,STATE_NAME) values ('PA','PENNSYLVANIA');
Insert into XE.DEMO_STATES (ST,STATE_NAME) values ('RI','RHODE ISLAND');
Insert into XE.DEMO_STATES (ST,STATE_NAME) values ('SC','SOUTH CAROLINA');
Insert into XE.DEMO_STATES (ST,STATE_NAME) values ('SD','SOUTH DAKOTA');
Insert into XE.DEMO_STATES (ST,STATE_NAME) values ('TN','TENNESSEE');
Insert into XE.DEMO_STATES (ST,STATE_NAME) values ('TX','TEXAS');
Insert into XE.DEMO_STATES (ST,STATE_NAME) values ('UT','UTAH');
Insert into XE.DEMO_STATES (ST,STATE_NAME) values ('VA','VIRGINIA');
Insert into XE.DEMO_STATES (ST,STATE_NAME) values ('VT','VERMONT');
Insert into XE.DEMO_STATES (ST,STATE_NAME) values ('WA','WASHINGTON');
Insert into XE.DEMO_STATES (ST,STATE_NAME) values ('WI','WISCONSIN');
Insert into XE.DEMO_STATES (ST,STATE_NAME) values ('WV','WEST VIRGINIA');
Insert into XE.DEMO_STATES (ST,STATE_NAME) values ('WY','WYOMING');
REM INSERTING into XE.DEMO_USERS
SET DEFINE OFF;
Insert into XE.DEMO_USERS (USER_ID,USER_NAME,PASSWORD,CREATED_ON,QUOTA,PRODUCTS,EXPIRES_ON,ADMIN_USER) values (1,'ADMIN','B6CA56BF0BF3CAE66F477E1D0C0C4831',to_date('21/05/28','RR/MM/DD'),null,'Y',null,'Y');
Insert into XE.DEMO_USERS (USER_ID,USER_NAME,PASSWORD,CREATED_ON,QUOTA,PRODUCTS,EXPIRES_ON,ADMIN_USER) values (2,'DEMO','BB4FED50809C9077A9BC0146EA99FF86',to_date('21/05/28','RR/MM/DD'),15000,'Y',null,'N');
REM INSERTING into XE.DEPT
SET DEFINE OFF;
Insert into XE.DEPT (DEPTNO,DNAME,LOC) values (10,'ACCOUNTING','NEW YORK');
Insert into XE.DEPT (DEPTNO,DNAME,LOC) values (20,'RESEARCH','DALLAS');
Insert into XE.DEPT (DEPTNO,DNAME,LOC) values (30,'SALES','CHICAGO');
Insert into XE.DEPT (DEPTNO,DNAME,LOC) values (40,'OPERATIONS','BOSTON');
REM INSERTING into XE.EMP
SET DEFINE OFF;
Insert into XE.EMP (EMPNO,ENAME,JOB,MGR,HIREDATE,SAL,COMM,DEPTNO) values (7839,'KING','PRESIDENT',null,to_date('81/11/17','RR/MM/DD'),5000,null,10);
Insert into XE.EMP (EMPNO,ENAME,JOB,MGR,HIREDATE,SAL,COMM,DEPTNO) values (7698,'BLAKE','MANAGER',7839,to_date('81/05/01','RR/MM/DD'),2850,null,30);
Insert into XE.EMP (EMPNO,ENAME,JOB,MGR,HIREDATE,SAL,COMM,DEPTNO) values (7782,'CLARK','MANAGER',7839,to_date('81/06/09','RR/MM/DD'),2450,null,10);
Insert into XE.EMP (EMPNO,ENAME,JOB,MGR,HIREDATE,SAL,COMM,DEPTNO) values (7566,'JONES','MANAGER',7839,to_date('81/04/02','RR/MM/DD'),2975,null,20);
Insert into XE.EMP (EMPNO,ENAME,JOB,MGR,HIREDATE,SAL,COMM,DEPTNO) values (7788,'SCOTT','ANALYST',7566,to_date('82/12/09','RR/MM/DD'),3000,null,20);
Insert into XE.EMP (EMPNO,ENAME,JOB,MGR,HIREDATE,SAL,COMM,DEPTNO) values (7902,'FORD','ANALYST',7566,to_date('81/12/03','RR/MM/DD'),3000,null,20);
Insert into XE.EMP (EMPNO,ENAME,JOB,MGR,HIREDATE,SAL,COMM,DEPTNO) values (7369,'SMITH','CLERK',7902,to_date('80/12/17','RR/MM/DD'),800,null,20);
Insert into XE.EMP (EMPNO,ENAME,JOB,MGR,HIREDATE,SAL,COMM,DEPTNO) values (7499,'ALLEN','SALESMAN',7698,to_date('81/02/20','RR/MM/DD'),1600,300,30);
Insert into XE.EMP (EMPNO,ENAME,JOB,MGR,HIREDATE,SAL,COMM,DEPTNO) values (7521,'WARD','SALESMAN',7698,to_date('81/02/22','RR/MM/DD'),1250,500,30);
Insert into XE.EMP (EMPNO,ENAME,JOB,MGR,HIREDATE,SAL,COMM,DEPTNO) values (7654,'MARTIN','SALESMAN',7698,to_date('81/09/28','RR/MM/DD'),1250,1400,30);
Insert into XE.EMP (EMPNO,ENAME,JOB,MGR,HIREDATE,SAL,COMM,DEPTNO) values (7844,'TURNER','SALESMAN',7698,to_date('81/09/08','RR/MM/DD'),1500,0,30);
Insert into XE.EMP (EMPNO,ENAME,JOB,MGR,HIREDATE,SAL,COMM,DEPTNO) values (7876,'ADAMS','CLERK',7788,to_date('83/01/12','RR/MM/DD'),1100,null,20);
Insert into XE.EMP (EMPNO,ENAME,JOB,MGR,HIREDATE,SAL,COMM,DEPTNO) values (7900,'JAMES','CLERK',7698,to_date('81/12/03','RR/MM/DD'),950,null,30);
Insert into XE.EMP (EMPNO,ENAME,JOB,MGR,HIREDATE,SAL,COMM,DEPTNO) values (7934,'MILLER','CLERK',7782,to_date('82/01/23','RR/MM/DD'),1300,null,10);
--------------------------------------------------------
--  DDL for Index TBL_ATTACH_PK
--------------------------------------------------------

  CREATE UNIQUE INDEX "XE"."TBL_ATTACH_PK" ON "XE"."TBL_ATTACH" ("SAVE_FILE_NAME") 
  PCTFREE 10 INITRANS 2 MAXTRANS 255 COMPUTE STATISTICS 
  STORAGE(INITIAL 65536 NEXT 1048576 MINEXTENTS 1 MAXEXTENTS 2147483645
  PCTINCREASE 0 FREELISTS 1 FREELIST GROUPS 1 BUFFER_POOL DEFAULT FLASH_CACHE DEFAULT CELL_FLASH_CACHE DEFAULT)
  TABLESPACE "USERS" ;
--------------------------------------------------------
--  DDL for Index TBL_BOARD_PK
--------------------------------------------------------

  CREATE UNIQUE INDEX "XE"."TBL_BOARD_PK" ON "XE"."TBL_BOARD" ("BNO") 
  PCTFREE 10 INITRANS 2 MAXTRANS 255 COMPUTE STATISTICS 
  STORAGE(INITIAL 65536 NEXT 1048576 MINEXTENTS 1 MAXEXTENTS 2147483645
  PCTINCREASE 0 FREELISTS 1 FREELIST GROUPS 1 BUFFER_POOL DEFAULT FLASH_CACHE DEFAULT CELL_FLASH_CACHE DEFAULT)
  TABLESPACE "USERS" ;
--------------------------------------------------------
--  DDL for Index TBL_BOARD_TYPE_PK
--------------------------------------------------------

  CREATE UNIQUE INDEX "XE"."TBL_BOARD_TYPE_PK" ON "XE"."TBL_BOARD_TYPE" ("BOARD_TYPE") 
  PCTFREE 10 INITRANS 2 MAXTRANS 255 COMPUTE STATISTICS 
  STORAGE(INITIAL 65536 NEXT 1048576 MINEXTENTS 1 MAXEXTENTS 2147483645
  PCTINCREASE 0 FREELISTS 1 FREELIST GROUPS 1 BUFFER_POOL DEFAULT FLASH_CACHE DEFAULT CELL_FLASH_CACHE DEFAULT)
  TABLESPACE "USERS" ;
--------------------------------------------------------
--  DDL for Index TBL_MEMBER_PK
--------------------------------------------------------

  CREATE UNIQUE INDEX "XE"."TBL_MEMBER_PK" ON "XE"."TBL_MEMBER" ("USER_ID") 
  PCTFREE 10 INITRANS 2 MAXTRANS 255 COMPUTE STATISTICS 
  STORAGE(INITIAL 65536 NEXT 1048576 MINEXTENTS 1 MAXEXTENTS 2147483645
  PCTINCREASE 0 FREELISTS 1 FREELIST GROUPS 1 BUFFER_POOL DEFAULT FLASH_CACHE DEFAULT CELL_FLASH_CACHE DEFAULT)
  TABLESPACE "USERS" ;
--------------------------------------------------------
--  DDL for Index TBL_REPLY_PK
--------------------------------------------------------

  CREATE UNIQUE INDEX "XE"."TBL_REPLY_PK" ON "XE"."TBL_REPLY" ("RNO") 
  PCTFREE 10 INITRANS 2 MAXTRANS 255 COMPUTE STATISTICS 
  STORAGE(INITIAL 65536 NEXT 1048576 MINEXTENTS 1 MAXEXTENTS 2147483645
  PCTINCREASE 0 FREELISTS 1 FREELIST GROUPS 1 BUFFER_POOL DEFAULT FLASH_CACHE DEFAULT CELL_FLASH_CACHE DEFAULT)
  TABLESPACE "USERS" ;
--------------------------------------------------------
--  DDL for Procedure PROC_DUMMY_BOARD
--------------------------------------------------------
set define off;

  CREATE OR REPLACE PROCEDURE "XE"."PROC_DUMMY_BOARD" 
(
  P_COUNT IN NUMBER 
) AS 
-- 이 프로시저는 게시물 개수를 받아서 반은 공지사항으로
-- 나머지 반은 갤러리로 더미 게시물을 입력하는 프로그램
-- 실행방법: CALL PROC_DUMMY_BOARD(100);
BEGIN
--  NULL;
    -- 여러번 실행시 PK제약조건 때문에 삭제쿼리 추가(아래)
    DELETE FROM tbl_attach WHERE 1=1;
    DELETE FROM tbl_reply WHERE 1=1;
    DELETE FROM tbl_board WHERE 1=1;
    FOR cnt IN 1..P_COUNT LOOP
        IF (cnt < P_COUNT/2) THEN
            --공지사항글 등록
            INSERT INTO tbl_board VALUES (
            cnt,
            '공지사항 게시물 제목',
            '공지사항 게시물 내용',
            'admin',
            0,
            0,
            sysdate+(cnt*(1/24/60/60)),
            sysdate+(cnt*(1/24/60/60)),
            'notice'
            );
        ELSE 
            --갤러리글 등록
            INSERT INTO tbl_board VALUES (
            cnt,
            '갤러리 게시물 제목',
            '갤러리 게시물 내용',
            'admin',
            0,
            0,
            sysdate+(cnt*(1/24/60/60)),
            sysdate+(cnt*(1/24/60/60)),
            'gallery'
            );
        END IF;
    END LOOP;
    END PROC_DUMMY_BOARD;

/
--------------------------------------------------------
--  DDL for Procedure PROC_DUMMY_MEMBER
--------------------------------------------------------
set define off;

  CREATE OR REPLACE PROCEDURE "XE"."PROC_DUMMY_MEMBER" (P_COUNT IN NUMBER ) AS 
-- 이 프로시저는 입력받은 회원 수대로 회원 레코드를 생성하는 DB프로그램입니다.
-- 호출(실행)하는 방법: call PROC_DUMMY_MEMBER(100)
BEGIN
-- 2번 이상 실행시 user_id필드의 PK제약조건 때문에 기존내용 삭제후
    DELETE FROM tbl_member WHERE 1=1;
--  NULL;
-- cnt 변수 IN 1부터 P_COUNT까지 루프반복;
    FOR cnt IN 1..P_COUNT LOOP
        IF( p_count = cnt ) THEN -- cnt 증가값이 100일 때
          -- 관리자 등록쿼리(아래)
          INSERT INTO tbl_member VALUES (
          'admin',
          '1234', -- 나중에는 spring security로 암호화해서 변경예정
          '사용자'||cnt,
          'user@test.com',
          0,
          1, -- 회원가입시 로그인 가능한지 1 = 로그인가능, 0 = 로그인불가
          'ROLE_ADMIN', -- ROLE_USER = 일반사용자, ROLE_ADMIN = 관리자
          sysdate+((1/24/60/60)*cnt), -- 오라클전용 현재날짜 변수(mysql에서는 now()와 동일)
          sysdate+((1/24/60/60)*cnt) -- 수정일 등록
          );
        ELSE
          -- 등록쿼리(아래)
          INSERT INTO tbl_member VALUES (
          'user'||cnt,
          '1234', -- 나중에는 spring security로 암호화해서 변경예정
          '사용자'||cnt,
          'user@test.com',
          0,
          1, -- 회원가입시 로그인 가능한지 1 = 로그인가능, 0 = 로그인불가
          'ROLE_USER', -- ROLE_USER = 일반사용자, ROLE_ADMIN = 관리자
          sysdate+((1/24/60/60)*cnt), -- 오라클전용 현재날짜 변수(mysql에서는 now()와 동일)
          sysdate+((1/24/60/60)*cnt) -- 수정일 등록
          );
        END IF;
          -- 정렬문제가 발생하기 때문에 sysdate에 1초씩 추가
    END LOOP;
    COMMIT;
END PROC_DUMMY_MEMBER;

/
--------------------------------------------------------
--  DDL for Function CUSTOM_AUTH
--------------------------------------------------------

  CREATE OR REPLACE FUNCTION "XE"."CUSTOM_AUTH" (p_username in VARCHAR2, p_password in VARCHAR2)
return BOOLEAN
is
  l_password varchar2(4000);
  l_stored_password varchar2(4000);
  l_expires_on date;
  l_count number;
begin
-- First, check to see if the user is in the user table
select count(*) into l_count from demo_users where user_name = p_username;
if l_count > 0 then
  -- First, we fetch the stored hashed password & expire date
  select password, expires_on into l_stored_password, l_expires_on
   from demo_users where user_name = p_username;

  -- Next, we check to see if the user's account is expired
  -- If it is, return FALSE
  if l_expires_on > sysdate or l_expires_on is null then

    -- If the account is not expired, we have to apply the custom hash
    -- function to the password
    l_password := custom_hash(p_username, p_password);

    -- Finally, we compare them to see if they are the same and return
    -- either TRUE or FALSE
    if l_password = l_stored_password then
      return true;
    else
      return false;
    end if;
  else
    return false;
  end if;
else
  -- The username provided is not in the DEMO_USERS table
  return false;
end if;
end;

/
--------------------------------------------------------
--  DDL for Function CUSTOM_HASH
--------------------------------------------------------

  CREATE OR REPLACE FUNCTION "XE"."CUSTOM_HASH" (p_username in varchar2, p_password in varchar2)
return varchar2
is
  l_password varchar2(4000);
  l_salt varchar2(4000) := 'SXSB43DSFMEUKCL5I8ZWHJW2PHOWAB';
begin

-- This function should be wrapped, as the hash algorhythm is exposed here.
-- You can change the value of l_salt or the method of which to call the
-- DBMS_OBFUSCATOIN toolkit, but you much reset all of your passwords
-- if you choose to do this.

l_password := utl_raw.cast_to_raw(dbms_obfuscation_toolkit.md5
  (input_string => p_password || substr(l_salt,10,13) || p_username ||
    substr(l_salt, 4,10)));
return l_password;
end;

/
--------------------------------------------------------
--  Constraints for Table TBL_ATTACH
--------------------------------------------------------

  ALTER TABLE "XE"."TBL_ATTACH" ADD CONSTRAINT "TBL_ATTACH_PK" PRIMARY KEY ("SAVE_FILE_NAME")
  USING INDEX PCTFREE 10 INITRANS 2 MAXTRANS 255 COMPUTE STATISTICS 
  STORAGE(INITIAL 65536 NEXT 1048576 MINEXTENTS 1 MAXEXTENTS 2147483645
  PCTINCREASE 0 FREELISTS 1 FREELIST GROUPS 1 BUFFER_POOL DEFAULT FLASH_CACHE DEFAULT CELL_FLASH_CACHE DEFAULT)
  TABLESPACE "USERS"  ENABLE;
  ALTER TABLE "XE"."TBL_ATTACH" MODIFY ("SAVE_FILE_NAME" NOT NULL ENABLE);
--------------------------------------------------------
--  Constraints for Table TBL_BOARD
--------------------------------------------------------

  ALTER TABLE "XE"."TBL_BOARD" ADD CONSTRAINT "TBL_BOARD_PK" PRIMARY KEY ("BNO")
  USING INDEX PCTFREE 10 INITRANS 2 MAXTRANS 255 COMPUTE STATISTICS 
  STORAGE(INITIAL 65536 NEXT 1048576 MINEXTENTS 1 MAXEXTENTS 2147483645
  PCTINCREASE 0 FREELISTS 1 FREELIST GROUPS 1 BUFFER_POOL DEFAULT FLASH_CACHE DEFAULT CELL_FLASH_CACHE DEFAULT)
  TABLESPACE "USERS"  ENABLE;
  ALTER TABLE "XE"."TBL_BOARD" MODIFY ("BNO" NOT NULL ENABLE);
--------------------------------------------------------
--  Constraints for Table TBL_BOARD_TYPE
--------------------------------------------------------

  ALTER TABLE "XE"."TBL_BOARD_TYPE" ADD CONSTRAINT "TBL_BOARD_TYPE_PK" PRIMARY KEY ("BOARD_TYPE")
  USING INDEX PCTFREE 10 INITRANS 2 MAXTRANS 255 COMPUTE STATISTICS 
  STORAGE(INITIAL 65536 NEXT 1048576 MINEXTENTS 1 MAXEXTENTS 2147483645
  PCTINCREASE 0 FREELISTS 1 FREELIST GROUPS 1 BUFFER_POOL DEFAULT FLASH_CACHE DEFAULT CELL_FLASH_CACHE DEFAULT)
  TABLESPACE "USERS"  ENABLE;
  ALTER TABLE "XE"."TBL_BOARD_TYPE" MODIFY ("BOARD_TYPE" NOT NULL ENABLE);
--------------------------------------------------------
--  Constraints for Table TBL_MEMBER
--------------------------------------------------------

  ALTER TABLE "XE"."TBL_MEMBER" ADD CONSTRAINT "TBL_MEMBER_PK" PRIMARY KEY ("USER_ID")
  USING INDEX PCTFREE 10 INITRANS 2 MAXTRANS 255 COMPUTE STATISTICS 
  STORAGE(INITIAL 65536 NEXT 1048576 MINEXTENTS 1 MAXEXTENTS 2147483645
  PCTINCREASE 0 FREELISTS 1 FREELIST GROUPS 1 BUFFER_POOL DEFAULT FLASH_CACHE DEFAULT CELL_FLASH_CACHE DEFAULT)
  TABLESPACE "USERS"  ENABLE;
  ALTER TABLE "XE"."TBL_MEMBER" MODIFY ("USER_ID" NOT NULL ENABLE);
--------------------------------------------------------
--  Constraints for Table TBL_REPLY
--------------------------------------------------------

  ALTER TABLE "XE"."TBL_REPLY" ADD CONSTRAINT "TBL_REPLY_PK" PRIMARY KEY ("RNO")
  USING INDEX PCTFREE 10 INITRANS 2 MAXTRANS 255 COMPUTE STATISTICS 
  STORAGE(INITIAL 65536 NEXT 1048576 MINEXTENTS 1 MAXEXTENTS 2147483645
  PCTINCREASE 0 FREELISTS 1 FREELIST GROUPS 1 BUFFER_POOL DEFAULT FLASH_CACHE DEFAULT CELL_FLASH_CACHE DEFAULT)
  TABLESPACE "USERS"  ENABLE;
  ALTER TABLE "XE"."TBL_REPLY" MODIFY ("RNO" NOT NULL ENABLE);
--------------------------------------------------------
--  Ref Constraints for Table TBL_ATTACH
--------------------------------------------------------

  ALTER TABLE "XE"."TBL_ATTACH" ADD CONSTRAINT "TBL_ATTACH_TBL_BOARD_FK" FOREIGN KEY ("BNO")
	  REFERENCES "XE"."TBL_BOARD" ("BNO") ENABLE;
--------------------------------------------------------
--  Ref Constraints for Table TBL_BOARD
--------------------------------------------------------

  ALTER TABLE "XE"."TBL_BOARD" ADD CONSTRAINT "TBL_BOARD_TBL_BOARD_TYPE_FK" FOREIGN KEY ("BOARD_TYPE")
	  REFERENCES "XE"."TBL_BOARD_TYPE" ("BOARD_TYPE") ENABLE;
--------------------------------------------------------
--  Ref Constraints for Table TBL_REPLY
--------------------------------------------------------

  ALTER TABLE "XE"."TBL_REPLY" ADD CONSTRAINT "TBL_REPLY_TBL_BOARD_FK" FOREIGN KEY ("BNO")
	  REFERENCES "XE"."TBL_BOARD" ("BNO") ENABLE;
